,id,idade_empresa_anos,vl_total_veiculos_pesados_grupo,vl_total_veiculos_leves_grupo,nu_meses_rescencia,empsetorcensitariofaixarendapopulacao,qt_socios,idade_media_socios,qt_socios_feminino,vl_faturamento_estimado_aux,vl_faturamento_estimado_grupo_aux,qt_filiais,fl_matriz,fl_me,fl_sa,fl_mei,fl_ltda,fl_st_especial,fl_email,fl_telefone,fl_rm,fl_optante_simples,fl_passivel_iss,de_natureza_juridica,sg_uf,natureza_juridica_macro,de_ramo,setor,idade_emp_cat,dt_situacao,nm_divisao,nm_segmento,sg_uf_matriz,de_saude_tributaria,de_saude_rescencia,de_nivel_atividade,nm_meso_regiao,nm_micro_regiao,de_faixa_faturamento_estimado,de_faixa_faturamento_estimado_grupo
0,bb61c09449a1c1f8b78955d8b7a7f73599e78358993fe24b56a3e11f7d6a0bce,1.233927745114824,-0.021971390058868254,-0.03628963492645328,0.10798341717738418,-0.6882695840161879,2.3458592363137586e-16,0.010405636475246718,0.0,4.673704646354246,-0.0278814308977424,-0.05705417031076723,1,0,0,0,0,0,1,0,0,0,1,33,2,5,0,4,5,2901,0,0,9,4,0,0,10,52,4,4
1,16843c9ffb920170477118933798510d8d5f00f5c56c1221773356355bded321,0.6697791577674141,-0.03577424016618158,-0.039611403168646,-0.21833151469324613,-0.6426017205053506,0.17737387637513222,2.7286460577749643,-0.2276208744208894,0.8986599174186829,-0.04477065262863034,-0.061321969709905076,1,0,0,0,0,0,0,1,0,0,1,64,3,2,22,4,2,2870,36,11,16,4,0,0,9,11,3,3
2,1b8d092daff12bed8b3c2ab93bf5df2921865a68aca185f51e31e7105abb0c48,3.1648545008993674,-0.049577090273494905,-0.04044184522919418,-0.21833151469324613,0.594536968935371,2.3458592363137586e-16,0.010405636475246718,0.0,3.057786877814962,-0.035362907577217606,-0.061321969709905076,1,0,0,0,0,0,1,1,1,0,1,42,1,0,0,4,5,748,0,0,2,1,0,0,2,43,5,5
3,3aafa3a1f12f483740a52956af100223333d0e3c79bf2ce341896dd554e72293,3.5261375356248816,-0.021971390058868254,-0.039611403168646,-0.21833151469324613,-0.9896214871697855,2.3458592363137586e-16,0.010405636475246718,0.0,0.785562790921735,-0.045263439274180535,-0.061321969709905076,1,0,0,0,0,0,0,0,1,0,1,33,3,5,0,4,5,2887,0,0,16,1,0,0,4,72,3,3
4,c60431fbca90067f105570e1e8a684bcd7048205bbf6c40d71c3d558626f2344,3.5272772297407333,-0.049577090273494905,-0.04044184522919418,-0.21833151469324613,3.2065829172330996e-14,2.3458592363137586e-16,0.010405636475246718,0.0,1.2568008179923515,-0.043210161584388077,-0.05918807001033615,1,0,0,0,0,0,0,0,0,0,1,33,4,5,0,4,5,2777,0,0,19,1,0,0,0,8,5,5
5,5de08033561948a226f8ba8f8668a4ff4123be8ea7114dce5d7c0d74f61837bf,3.86234729980162,-0.03577424016618158,-0.03712007698700147,-0.21833151469324613,-0.3023014759923739,0.5295342357926749,-0.47121929760804004,0.0,1.3870338727464129,-0.03519864565190393,-0.05918807001033615,1,0,0,0,0,0,1,1,1,0,1,0,4,3,22,4,5,2870,36,11,19,4,0,0,6,48,5,5
6,194e619cb6417f92f75653406cf04106debc5035f13a8850b00428fd34d91d72,0.6016824343451759,-0.049577090273494905,-0.04044184522919418,-0.21833151469324613,0.5222709969083446,2.3458592363137586e-16,0.010405636475246718,0.0,6.478118290988034,-0.020459844201748133,-0.061321969709905076,1,0,0,0,0,0,0,0,1,0,1,42,2,0,0,4,2,2006,0,0,9,4,0,0,8,0,4,4
7,cc734f72fdd8753ba2e7638f3d09e0597fd859735904dafab03cec6b347b331d,1.7234263678738388,0.019437160263071716,-0.03795051904754965,-0.21833151469324613,-0.4667534849429574,-0.17478648304241043,2.0286755112849324,0.0,0.8712424322073016,-0.04475532663663284,-0.05918807001033615,1,0,0,0,0,0,0,0,1,0,1,17,1,5,21,4,5,2040,3,3,2,4,0,0,2,43,3,3
8,7e46107cb32e64f7f90ec16372d29f205f0d9781140308267f8c5d07b65a22fe,-0.1562141526973038,-0.03577424016618158,-0.031306982563164214,-0.21833151469324613,3.2065829172330996e-14,0.17737387637513222,-0.2712277128966023,0.0,1.1437036914954037,-0.04370294822993827,-0.061321969709905076,1,0,0,0,0,0,1,1,0,0,1,60,0,2,27,4,3,4293,77,8,0,4,0,0,17,57,5,5
9,2206453fbc92af65e47ce6ee2be27fa90ac427845ea0a539a1ab78df1388e7d2,0.1130385821730508,-0.049577090273494905,-0.03795051904754965,-0.21833151469324613,1.0764552906435128,0.17737387637513222,0.6287344183048678,-0.2276208744208894,0.7170190778932817,-0.04556209784724126,-0.061321969709905076,1,0,0,0,0,0,1,1,0,0,1,60,5,2,20,4,1,3482,82,5,20,4,0,0,19,73,3,3
10,a26e2d062d2662691912eb58ca56e55230e69874e083f5ae7b56f53622166981,-0.41321517582223477,-0.049577090273494905,-0.039611403168646,-0.21833151469324613,2.328806231621564,0.5295342357926749,2.7286460577749643,0.0,0.749577341581797,-0.04542023502503742,-0.061321969709905076,1,0,0,0,0,0,1,1,1,0,1,60,4,2,21,4,3,5188,4,3,19,4,0,0,6,48,3,3
11,e4fec97ff58e794ece4466230b5cad71486bd1021946fb2617a6605a9c18c8f7,2.0493788850078976,0.0056343101557583914,-0.03795051904754965,-0.21833151469324613,-0.9777067789104867,2.3458592363137586e-16,0.010405636475246718,0.0,4.255588129933932,-0.030143849592720935,-0.05918807001033615,1,0,0,0,0,0,0,0,0,0,1,33,0,5,0,4,5,2234,0,0,0,4,0,0,18,67,4,4
12,4b03e2427c4d2782f21a03f4336f613709f6c0b51f6b75848397ad68fb9feaf4,3.52528276503799,0.21267706176545825,-0.015528583412748804,-0.21833151469324613,-0.23921262912590385,2.3458592363137586e-16,0.010405636475246718,0.0,7.970657442602727,-0.01395655464296008,-0.061321969709905076,1,0,0,0,0,0,0,0,0,0,1,33,4,5,0,4,5,2823,0,0,19,1,0,0,11,71,4,4
13,98bb9b4cbb61c987c7cc2ca4ccc77ae9e74e2419cb6059afa588614ceb72e82c,1.0165310925157967,0.9028195671311245,0.2676521592341804,-0.21833151469324613,0.9041430999169948,2.3458592363137586e-16,0.010405636475246718,0.0,45.73995604926007,0.15649758653620272,0.04750691496810995,1,0,0,0,0,0,1,1,1,0,1,42,2,0,0,4,2,854,0,0,9,4,0,0,8,0,0,0
14,15c8518d0eb026d61abc5180f1e5ef9d111ae4690b364aa73db6fc7b2c12b6a8,3.5261375356248816,-0.021971390058868254,-0.039611403168646,-0.21833151469324613,-0.5777500360374176,2.3458592363137586e-16,0.010405636475246718,0.0,1.417878543609217,-0.04247787761677433,-0.05918807001033615,1,0,0,0,0,0,0,0,0,0,1,33,4,5,0,4,5,2697,0,0,19,1,0,0,11,45,5,5
15,a950d7c2a1867a1075f4424dc1ee58a09ca2ea49634f59b979190e8323cf967a,1.2042956981026365,-0.049577090273494905,-0.038780961108097825,-0.21833151469324613,0.18617045374002927,0.17737387637513222,-1.1711898440980724,0.0,0.708451113764725,-0.04559943016887385,-0.061321969709905076,1,0,0,0,0,0,1,0,1,1,1,60,1,2,22,4,5,2901,36,11,2,4,0,0,2,43,3,3
16,bd4595e9ea66e85ecbbef094bb74a0d1ffec143312c6d65d5a4a5fd7f467366f,4.321074181432593,0.11605711101426498,-0.03379830874480875,-0.21833151469324613,-0.9735070775658252,2.3458592363137586e-16,0.010405636475246718,0.0,5.235763159714189,-0.025738242866600543,-0.05918807001033615,1,0,0,0,0,0,0,0,0,0,1,33,2,5,0,4,5,2901,0,0,9,4,0,0,8,9,4,4
17,fa336c723b3a62cdadfd20f81efa7e037f0631f2157d9f3b30a0d26354b41a6b,0.9025616809304613,-0.049577090273494905,-0.04044184522919418,-0.21833151469324613,3.2065829172330996e-14,0.5295342357926749,2.7286460577749643,-0.2276208744208894,1.212247404523857,-0.043404289656877544,-0.061321969709905076,1,0,0,0,0,0,1,1,1,0,1,24,1,3,25,4,2,2901,14,17,2,3,0,2,2,43,5,5
18,67f774985fe36dd9a74f5893f2153739404a3d5b6e9643c360a380f13f467051,1.0045643042993362,-0.03577424016618158,-0.04044184522919418,-0.21833151469324613,2.736146153154877,1.5860153140453026,0.07875756034841383,0.0,1.3441940521036295,-0.03861024851589853,-0.05705417031076723,1,0,0,0,0,0,0,0,1,0,1,60,2,2,22,4,2,2901,36,11,9,4,0,0,8,0,5,5
19,b7812b10d3af52dade607e02866f9b24c00dbfb79f26fdba4afcb131df785051,0.4640643698558838,-0.021971390058868254,0.06419385439987642,-0.21833151469324613,-0.5439346629881804,2.3458592363137586e-16,0.010405636475246718,0.0,10.720973927869416,-0.0019728793988986124,-0.061321969709905076,1,0,0,0,0,0,1,1,1,0,1,25,1,5,0,4,1,2455,0,0,2,4,0,0,2,43,6,6
20,10091057bcba7164f6b45f10adc2bcc8f7a847bbabc09c3575416d54d277d692,0.5327309403360483,-0.049577090273494905,-0.039611403168646,-0.21833151469324613,-0.16288176098256274,0.17737387637513222,1.228709172439181,0.0,4.216175761049075,-0.03028514079183091,-0.05705417031076723,1,0,0,0,0,0,0,1,1,0,1,60,2,2,20,4,2,2236,82,5,9,4,0,0,8,0,4,4
21,341bd452883d1e6d29c0a32b2a4963a9f9ab8cb26467043bc8171ab7603ac18a,0.5216189227064781,-0.03577424016618158,-0.03795051904754965,-0.21833151469324613,2.432616627081825,0.17737387637513222,-1.1711898440980724,0.0,1.1814027336610529,-0.043356068089228574,-0.04638467181292262,1,0,0,0,0,0,0,1,1,0,1,60,1,2,21,4,1,2901,3,3,2,4,0,0,2,43,5,5
22,52dc41a73f5fc2f452b02e0a689d7b24fbb6a65f57bca143a4ef7f59ed27a3bc,0.8319006457475535,0.033240010370385036,-0.029646098442067854,-0.21833151469324613,3.8475115645477,2.3458592363137586e-16,0.010405636475246718,0.0,1.0700191999898163,-0.032758033892721576,-0.048518571512491546,1,0,0,0,0,0,1,1,1,0,1,52,2,3,28,4,2,2901,78,18,9,4,0,0,8,0,5,4
23,4fa4676623d1ee3f10024daece0680ebc41ec1fd131847101b35ce19fdd6037c,3.5272772297407333,0.0056343101557583914,-0.039611403168646,-0.21833151469324613,-0.6512188854866189,2.3458592363137586e-16,0.010405636475246718,0.0,0.8438249469959203,-0.04500957948707893,-0.061321969709905076,1,0,0,0,0,0,0,0,1,0,1,33,4,5,0,4,5,2660,0,0,19,4,0,0,11,66,3,3
24,3c3b8d183f4ed3fd3ffcd1aa7cf7a3b72b83cb5f469c904638d65123c4770349,1.2362071333465305,0.0056343101557583914,-0.03795051904754965,-0.21833151469324613,-0.6785947164740418,2.3458592363137586e-16,0.010405636475246718,0.0,2.2164129999705753,-0.03886371494978596,-0.05705417031076723,1,0,0,0,0,0,0,1,0,0,1,33,2,5,0,4,5,2901,0,0,9,1,0,2,8,9,5,5
25,46278e505daaaba87e65a5e65effb49f0a3dbfb3a48eae63d324e3d607865572,2.4494115196724247,0.0056343101557583914,-0.03628963492645328,-0.3271031586501229,0.3478226617941718,-0.17478648304241043,0.5287386259491489,0.0,6.598069788787827,-0.019845884185477336,-0.05492027061119831,1,0,0,0,0,0,1,1,1,0,1,0,1,3,22,4,5,2901,36,11,2,1,0,0,2,43,4,4
26,95ebe97f29a830a1ad69a297b387ca8527e778285eaf383d589e341b2bc51594,0.10534564689104085,-0.049577090273494905,-0.039611403168646,-0.21833151469324613,-0.5970582925899106,0.8816945952102174,2.6286502654192456,0.0,2.853869464608565,-0.03625141625233381,-0.061321969709905076,1,0,0,0,0,0,1,1,1,0,1,60,2,2,24,4,1,3507,11,18,9,4,0,0,8,0,5,5
27,9e3a8e5ab3090d3f8efa7b028f9279083576055ee335c679c65dbd83bf1ee20f,0.3500949582705484,0.1712685114435183,-0.035459192865905105,0.10798341717738418,2.911320362575535,-0.17478648304241043,0.010405636475246718,0.0,1.6252232755202882,-0.041574435433265645,-0.05918807001033615,1,0,0,0,0,0,1,1,0,0,1,13,5,5,32,4,1,2802,85,20,20,4,0,0,19,73,5,5
28,d4629954d5b010ef161af4353591f1b9024fd79bbb4e274b336269c7960eea0a,2.020031761524675,0.04704286047769836,-0.03712007698700147,-0.21833151469324613,3.2065829172330996e-14,2.3458592363137586e-16,0.010405636475246718,0.0,2.775044061572592,-0.036594874191093085,-0.061321969709905076,1,0,0,0,0,0,0,0,0,0,1,33,4,5,0,4,5,2898,0,0,19,1,0,0,11,47,5,5
29,4d0c3c6375e8b4a19c0bfc2f4d521bf4eeed7d6a891c500d8c4c76c93896631f,4.046407899511937,0.019437160263071716,-0.038780961108097825,-0.21833151469324613,-1.004740412010567,2.3458592363137586e-16,0.010405636475246718,0.0,1.4795678853348249,-0.042239521221940725,-0.061321969709905076,1,0,0,0,0,0,0,0,0,0,1,33,2,5,0,4,5,2893,0,0,9,4,0,0,3,44,5,5
30,b047eb14c58c9fa7bf96afa94a895ae8bddb95b29b79e1c8d5324762ff0b85de,0.3985319581943154,0.033240010370385036,-0.04044184522919418,-0.21833151469324613,1.1411514306171988,0.17737387637513222,-0.47121929760804004,-0.2276208744208894,1.9867913617453794,-0.04002944778129139,-0.061321969709905076,1,0,0,0,0,0,1,1,0,0,1,60,5,2,20,4,1,2652,82,5,20,4,0,0,19,73,5,5
31,deb819432117de19126f24b04e9833747afccabab1c420d8f6b1b5e0d044cb19,3.5284169238565886,0.07464856069232502,-0.031306982563164214,-0.21833151469324613,0.18832733739358373,2.3458592363137586e-16,0.010405636475246718,0.0,0.9003735102443943,-0.04476318616430383,-0.061321969709905076,1,0,0,0,0,0,0,0,1,0,1,33,3,5,0,4,5,2847,0,0,16,1,0,0,14,4,3,3
32,3a83be392f8d8336ed5ff6af9c599a14f6bd85894fa256908d29341a47e415d0,1.4875096858921946,0.1712685114435183,-0.02051123577603788,-0.21833151469324613,0.16993160854067174,2.3458592363137586e-16,0.010405636475246718,0.0,0.888378360464415,-0.04468066199336766,-0.05918807001033615,1,0,0,0,0,0,1,1,0,0,1,33,5,5,0,4,5,2887,0,0,20,1,0,2,19,73,3,3
33,ff9ff2ac35ec7cf5c7d5ed561010a53a953108110a3f5cdcea92945d94b62d38,3.5261375356248816,0.0056343101557583914,-0.038780961108097825,-0.21833151469324613,-0.9343513435474505,2.3458592363137586e-16,0.010405636475246718,0.0,2.4734515911941464,-0.03760315993447392,-0.05918807001033615,1,0,0,0,0,0,0,0,0,0,1,33,4,5,0,4,5,2206,0,0,19,1,0,0,11,70,5,5
34,e3174d9abd5a195233146f3bef34f058cd80c8aecc6412f64c64829b85a9473f,1.2342126686437878,0.04704286047769836,-0.021341677836586057,-0.21833151469324613,-0.7644863861970813,2.3458592363137586e-16,0.010405636475246718,0.0,6.286195628401861,-0.021265653044875998,-0.05918807001033615,1,0,0,0,0,0,1,0,0,0,1,33,2,5,0,4,5,2901,0,0,9,3,0,1,10,52,4,4
35,2ebf9991ff6a0c6b118423ea4f275d52336d47ca5704b7e34a368684e470576e,0.47489146395649046,-0.049577090273494905,-0.04044184522919418,-0.21833151469324613,3.2065829172330996e-14,2.3458592363137586e-16,0.010405636475246718,0.0,3.2925493610439176,-0.03434000080500574,-0.061321969709905076,1,0,0,0,0,0,1,0,0,0,1,44,5,0,0,4,1,2418,0,0,20,3,0,1,19,73,5,5
36,e6f6bad556592088a4c3348753150fef8e96fc191cf85890625cb2467dd65438,1.233927745114824,-0.03577424016618158,-0.04044184522919418,0.10798341717738418,-0.8724135259384062,2.3458592363137586e-16,0.010405636475246718,0.0,2.423757532301769,-0.03812549937802928,-0.061321969709905076,1,0,0,0,0,0,0,1,0,0,1,33,2,5,0,4,5,2901,0,0,9,4,0,0,8,9,5,5
37,88ad6987ae7a20a00d0f823996b88a1db76b509a355cb16f2303e98303760e59,1.2362071333465305,0.06084571058501169,-0.035459192865905105,-0.21833151469324613,3.2065829172330996e-14,2.3458592363137586e-16,0.010405636475246718,0.0,1.6252232755202882,-0.041604871754186694,-0.061321969709905076,1,0,0,0,0,0,1,1,0,0,1,33,3,5,0,4,5,1931,0,0,16,4,0,0,12,51,5,5
38,2a6fbbd5ec17c2d946cfba628713a15a713e0c939e3ec9a83d3f1ca9e01030f8,3.5261375356248816,0.0056343101557583914,-0.039611403168646,-0.21833151469324613,3.2065829172330996e-14,2.3458592363137586e-16,0.010405636475246718,0.0,1.1471308771468263,-0.04368801530128523,-0.061321969709905076,1,0,0,0,0,0,0,0,0,0,1,33,3,5,0,4,5,2901,0,0,16,1,0,0,4,46,5,5
39,37eab5d1d3c6f0b5908c5993c9e1fad7e0d72262b815d9123adbd470a4e1f2a2,2.616661631173905,0.3092970125166515,-0.010545931049459728,-0.21833151469324613,-0.14666365504910475,2.3458592363137586e-16,0.010405636475246718,0.0,2.3363641651372395,-0.03850628963842115,-0.05705417031076723,1,0,0,0,0,0,0,0,0,0,1,33,5,5,0,4,5,2358,0,0,20,1,0,0,19,73,5,5
40,1726c8acf891c79a5b1c7e49b08509ed507789d2bd81eb1d3e9780b94e19989e,3.291075624230127,-0.049577090273494905,-0.038780961108097825,2.500959584228673,0.2304384168026462,2.3458592363137586e-16,0.010405636475246718,0.0,0.749577341581797,-0.04542023502503742,-0.061321969709905076,1,0,0,0,0,0,1,0,1,0,1,1,2,0,0,4,5,748,0,0,9,4,0,0,8,0,3,3
41,8cc6434ef28ae70191dee5ede8f16fea7acb10020a4b46f658da89a6131a8941,3.520439065045613,-0.049577090273494905,-0.02051123577603788,-0.21833151469324613,0.07018610919672427,2.3458592363137586e-16,0.010405636475246718,0.0,8.412764458162878,-0.0120302065568487,-0.061321969709905076,1,0,0,0,0,0,1,1,0,0,1,42,0,0,0,4,5,779,0,0,0,1,0,0,17,57,4,4
42,5f0a2603c2ff6180475773cd6670d7e85296b2a9687c29eaaebcc2204f338c5a,1.6151554268677704,1.5791592223894773,-0.018850351654941522,0.10798341717738418,-0.22376187603072947,0.5295342357926749,0.9787196915498838,0.0,1.1574124341010943,-0.04116804155997555,-0.029313474216371243,1,0,0,0,0,0,1,1,0,0,1,60,5,2,32,4,5,2255,86,20,20,4,0,0,19,73,5,5
43,51f7103d4aa801178948aa599e5e37a4d7eac22ffd2587050b6bc22873241086,-0.6340309107688219,-0.049577090273494905,-0.04044184522919418,-0.21833151469324613,-0.2599104164936676,0.17737387637513222,0.42874283359342996,0.0,0.8986599174186829,-0.044740216307709295,-0.05918807001033615,1,0,0,0,0,0,1,1,1,1,1,60,2,2,20,4,0,5949,82,5,9,1,0,0,10,30,3,3
44,892c36058797296b7f619a6a19651e5a3bb5e739d42bfb71a69eea745706a00a,-0.22060687024301825,0.1298599611215783,-0.03462875080535693,-0.4358748026069997,3.2065829172330996e-14,2.3458592363137586e-16,0.010405636475246718,0.0,0.7204462635447043,-0.04554716491858822,-0.061321969709905076,1,0,0,0,0,0,0,1,0,0,1,42,0,0,0,4,3,4517,0,0,0,4,0,0,17,57,3,3
45,274de0ca45ee8fdbf0c9715a92950441dffe10394ee189fb1246cf0f3ab88e77,2.584180348872084,-0.03577424016618158,-0.03795051904754965,-0.21833151469324613,1.2792230933435385,2.6424963922979305,1.1953772416539405,1.8973632128908056,2.0861797456366364,-0.03758940706546345,-0.05492027061119831,1,0,0,0,0,0,0,0,1,0,1,12,3,2,19,4,5,2901,75,6,16,4,0,0,4,69,5,5
46,61731a610cb3d995dab85290c923da09ad216077f6e4bc574f999ca2f13fad3b,1.904067885236596,2.5315558797940967,-0.026324330199875134,-0.21833151469324613,3.2065829172330996e-14,0.17737387637513222,2.428658680707808,-0.2276208744208894,0.9946211156585175,-0.04432209430542429,-0.05918807001033615,1,0,0,0,0,0,1,1,1,0,1,60,1,2,32,4,5,2901,86,20,2,4,0,0,2,43,5,5
47,6244b3292163687aacd4fbd62b5383db063f7b4d3505b1085f99da7ba597c4cb,1.242475450983724,0.04704286047769836,-0.03628963492645328,-0.21833151469324613,-0.8423726992828894,2.3458592363137586e-16,0.010405636475246718,0.0,1.3219173453693822,-0.04292643593998039,-0.05918807001033615,1,0,0,0,0,0,0,0,0,0,1,33,2,5,0,4,5,2870,0,0,9,4,0,0,16,54,5,5
48,c24a6187673df4395d38fb1f16dce0f396db160d208b1d8cd5caf5c023fd1c69,3.52528276503799,0.019437160263071716,-0.03795051904754965,-0.21833151469324613,0.03728326384706783,2.3458592363137586e-16,0.010405636475246718,0.0,9.34495882229659,-0.007968450542962328,-0.061321969709905076,1,0,0,0,0,0,0,0,0,0,1,33,2,5,0,4,5,2901,0,0,9,1,0,0,8,35,4,4
49,ff6f9b8c9ff446342c06e6a858e9589e708412ffd409b3ff71d663ecf8761bc6,1.543069774040045,-0.049577090273494905,-0.03379830874480875,-0.21833151469324613,0.23972960792565037,3.6989774705505587,-0.08790209357778407,-0.2276208744208894,2.0210632182596058,-0.039545318964629476,-0.03571517331507801,1,0,0,0,0,0,0,0,1,0,1,60,2,2,24,4,5,2901,11,18,9,4,0,0,8,0,5,5
50,504fbe45998bfe23a744e7ca7b6c852d0cdb12d511c68c335c9b24990d57a346,1.6225634386208176,0.033240010370385036,-0.03462875080535693,-0.21833151469324613,0.7577238826660813,2.3458592363137586e-16,0.010405636475246718,0.0,4.875908998947938,-0.02741055202612146,-0.05918807001033615,1,0,0,0,0,0,0,0,0,0,1,33,0,5,0,4,5,2901,0,0,0,4,0,0,17,62,4,4
51,bf4c97a48095d979d34bd3c993e5cf11c298a5b6f2f1ccbf00537ab6d7e2ab80,3.5272772297407333,0.04704286047769836,-0.03213742462371239,2.500959584228673,-0.604773299504548,2.3458592363137586e-16,0.010405636475246718,0.0,2.0604759197775926,-0.03970838952538139,-0.061321969709905076,1,0,0,0,0,0,0,0,0,0,1,33,4,5,0,4,5,2404,0,0,19,1,0,0,1,64,5,5
52,694225b2e4d36734474c4b0ea6ca5b5280fb2099ead5335e54fb5ce7b8c4f8c0,3.8392684939555886,0.3921141131605314,0.09658109476125541,-0.21833151469324613,0.5942466192127772,4.051137829968101,1.4144156439569437,1.8973632128908056,15.884028845631159,0.10631325301846238,-0.03998297271421585,1,0,0,0,0,0,0,0,1,0,1,55,2,2,23,4,5,2901,26,2,9,3,0,0,8,0,6,0
53,72793ebb92ba8c1a7d15831ae143db93d62f555f67248abe8911ec6328b7682f,3.126389824489317,-0.049577090273494905,-0.028815656381519672,-0.21833151469324613,3.2065829172330996e-14,2.3458592363137586e-16,0.010405636475246718,0.0,9.759648219592107,-0.006161566465814684,-0.061321969709905076,1,0,0,0,0,0,1,1,1,0,1,47,3,0,0,4,5,862,0,0,16,4,0,0,4,69,4,4
54,510a3f8fc7f2c79361288e368198a79c4ac3ad0f94c09d98e207793e7bb1be4c,-0.020590552910754633,-0.049577090273494905,-0.04044184522919418,-0.21833151469324613,0.8833001376879344,-0.17478648304241043,-0.9711982593866345,0.0,0.662184107470519,-0.045801024705689836,-0.061321969709905076,1,0,0,0,0,0,1,1,1,1,1,13,4,5,20,4,3,3889,82,5,19,4,0,0,6,48,3,3
55,283b311bc9e205d4d0f68a12cee8420053b4c8fb3fd0836f92b9aeb97bde82cc,3.5272772297407333,-0.008168539951554933,-0.04044184522919418,-0.21833151469324613,-0.4521426721167153,2.3458592363137586e-16,0.010405636475246718,0.0,0.6638977002962304,-0.045793558241363316,-0.061321969709905076,1,0,0,0,0,0,0,0,0,0,1,33,3,5,0,4,5,2881,0,0,16,1,0,0,12,51,3,3
56,7cc0748f556231c3cfeda43e9cd906fb7f1d735d28974445ffd161119d5a4ac3,0.8806225692002844,-0.049577090273494905,-0.04044184522919418,-0.21833151469324613,-0.12696135244452006,-0.17478648304241043,-0.9711982593866345,-0.2276208744208894,0.8026987191788483,-0.045188774630915356,-0.061321969709905076,1,0,0,0,0,0,1,1,1,0,1,13,4,5,20,4,2,2901,76,5,19,4,0,0,6,48,3,3
57,d7ac6b08873a9536cbaae795f1f89bf047af08b1959d8f81c87c517c1c12a2bb,1.2362071333465305,0.07464856069232502,-0.03795051904754965,-0.21833151469324613,3.2065829172330996e-14,2.3458592363137586e-16,0.010405636475246718,0.0,0.9877667443556722,-0.04438239648365141,-0.061321969709905076,1,0,0,0,0,0,0,0,0,0,1,33,3,5,0,4,5,2881,0,0,16,4,0,0,12,51,5,5
58,399a6729216471338da3afa9877bd1266b203165d730ffb19c552f338511a593,1.2396262156940903,-0.049577090273494905,-0.04044184522919418,-0.21833151469324613,-0.7749182369445613,2.3458592363137586e-16,0.010405636475246718,0.0,3.798058911995632,-0.03213739527803153,-0.061321969709905076,1,0,0,0,0,0,0,0,1,0,1,33,2,5,0,4,5,2870,0,0,9,4,0,0,19,73,4,4
59,b8425ce01931f73e1372fc9d953df41504e1313c6a3543fd14fd5820a213a5a3,3.526422459153845,0.019437160263071716,-0.03379830874480875,-0.21833151469324613,3.2065829172330996e-14,2.3458592363137586e-16,0.010405636475246718,0.0,1.0580240502098368,-0.044076271446264165,-0.061321969709905076,1,0,0,0,0,0,1,1,0,0,1,33,4,5,0,4,5,2901,0,0,19,1,0,0,0,14,5,5
60,178c478a663cb6d64460d3bb0a2c2e8af500ad6ddf736728acc60e8293c83fcc,1.6365246915400216,-0.049577090273494905,-0.04044184522919418,-0.21833151469324613,3.2065829172330996e-14,2.3458592363137586e-16,0.010405636475246718,0.0,0.7872763837474464,-0.04525597280985402,-0.061321969709905076,1,0,0,0,0,0,0,0,0,0,1,44,3,0,0,4,5,308,0,0,16,1,0,2,9,11,3,3
61,6f438ef42275fdd62f692661040398e9f2b2d8ede0981731864469c18ad701e0,3.5238581473931743,0.06084571058501169,-0.030476540502616032,-0.21833151469324613,-0.5522925871457043,2.3458592363137586e-16,0.010405636475246718,0.0,1.1642668054039396,-0.04361335065802005,-0.05918807001033615,1,0,0,0,0,0,0,0,0,0,1,33,4,5,0,4,5,1988,0,0,19,4,0,0,1,63,5,5
62,62add45f81b6da4afd2669b135e761e3d567e1270557db78e13bf8d65dc25a00,-0.11575501158450975,-0.049577090273494905,-0.04044184522919418,0.21675506113426093,-0.4708909684899201,2.3458592363137586e-16,0.010405636475246718,0.0,1.9199612415426373,-0.040320639890025586,-0.061321969709905076,1,0,0,0,0,0,1,1,0,0,1,31,3,0,0,4,3,4159,0,0,16,1,0,2,12,3,5,5
63,179e8f4437b2428c828f7a1997dce827a7e0684855265e81ebf5b8ae85989479,3.521863682690429,0.033240010370385036,-0.03795051904754965,-0.21833151469324613,3.2065829172330996e-14,2.3458592363137586e-16,0.010405636475246718,0.0,1.1265677632382902,-0.0437471765522824,-0.05705417031076723,1,0,0,0,0,0,0,0,0,0,1,33,4,5,0,4,5,2901,0,0,19,1,0,0,0,14,5,5
64,2c850abeeb9fdcd842bffdaff540f32de4d7349e97ab6a3d2da3d866008e5b65,3.4560463474998984,-0.049577090273494905,-0.038780961108097825,-0.21833151469324613,-0.27848242910672594,2.3458592363137586e-16,0.010405636475246718,0.0,2.3072331536267727,-0.03836364039965865,-0.05705417031076723,1,0,0,0,0,0,0,0,0,0,1,33,1,5,0,4,5,2893,0,0,2,1,0,0,7,58,5,5
65,f172205cfe7b08b53b7bf38fe409f27b400161a64a1d7a318cd7d1ec9a36bc4e,-0.6622383401361925,-0.049577090273494905,-0.04044184522919418,-0.3271031586501229,0.08942177831856875,2.3458592363137586e-16,0.010405636475246718,0.0,3.8614621126534545,-0.03186113493847147,-0.061321969709905076,1,0,0,0,0,0,1,0,1,0,1,42,1,0,0,4,0,6045,0,0,2,4,0,0,2,43,4,4
66,94882fcd564398db3442997c4a39466fbf333671e499c8455d90762590dabeb5,1.2362071333465305,-0.008168539951554933,-0.035459192865905105,-0.21833151469324613,-0.8329259636656386,2.3458592363137586e-16,0.010405636475246718,0.0,0.6399074007362717,-0.04589808874193457,-0.061321969709905076,1,0,0,0,0,0,0,1,0,0,1,33,3,5,0,4,5,2901,0,0,16,4,0,0,4,46,3,3
67,8a73eb72e9dfa99487e480714b723dfc5003055b04f5df6532e58c23a1b8f2b9,0.43443232284369643,1.5515535221748507,-0.038780961108097825,-0.10955987073636936,1.7743730666956008,0.17737387637513222,0.42874283359342996,-0.2276208744208894,1.3424804592779183,-0.04046996917655595,-0.05918807001033615,1,0,0,0,0,0,1,1,1,0,1,60,2,2,32,4,1,2546,86,20,9,4,0,0,8,0,5,5
68,bbb01e5862206e91e02fb6efeae2327f9a6a1402a4c42c2475eb132bb179edbe,4.046407899511937,0.04704286047769836,-0.03379830874480875,-0.21833151469324613,-0.6072101632477466,2.3458592363137586e-16,0.010405636475246718,0.0,2.5899759698691427,-0.03740125262822676,-0.061321969709905076,1,0,0,0,0,0,0,0,0,0,1,33,2,5,0,4,5,2901,0,0,9,4,0,0,3,44,5,5
69,77448dad6e39ab8d5ec8a65c3d830e069952f3dd1e793eb4571981d5c8a079e1,1.2342126686437878,0.06084571058501169,-0.028815656381519672,-0.21833151469324613,3.2065829172330996e-14,2.3458592363137586e-16,0.010405636475246718,0.0,2.031344775213874,-0.039835319708801914,-0.061321969709905076,1,0,0,0,0,0,0,0,0,0,1,33,2,5,0,4,5,2898,0,0,9,1,0,2,5,17,5,5
70,3f5a20a85d1c3e98ba7586b4b05a1e27c7d40387f183421778a9cfaa80a3c039,1.4689896565095781,-0.049577090273494905,-0.04044184522919418,-0.3271031586501229,0.25228723342783554,2.3458592363137586e-16,0.010405636475246718,0.0,0.800985126353137,-0.045196241095241875,-0.061321969709905076,1,0,0,0,0,0,0,0,1,0,1,28,4,5,6,4,5,2770,7,4,19,3,0,2,6,48,3,3
71,8f3439b32c554d5aab1758e6728920894efb0f3c5aff22f12b074d15845314ec,1.0287828042612204,-0.03577424016618158,-0.025493888139326955,-0.21833151469324613,0.9041430999169948,2.3458592363137586e-16,0.010405636475246718,0.0,30.396446020894057,0.08375706080961468,-0.061321969709905076,1,0,0,0,0,0,1,1,1,0,1,42,2,0,0,4,2,828,0,0,9,4,0,0,8,0,9,9
72,17eed4f6e42dcf33ffb87dc3f428dc0ed55f8ed6ee4673cc98f8cf8c0c9dbd0c,1.441921921258061,0.0056343101557583914,-0.039611403168646,-0.21833151469324613,-0.6928322225140917,2.3458592363137586e-16,0.010405636475246718,0.0,0.934645366758621,-0.044613856877773465,-0.061321969709905076,1,0,0,0,0,0,0,0,0,0,1,33,2,5,0,4,5,2901,0,0,9,1,0,2,5,20,3,3
73,df3531fe80680a3730d7582bcabe4b7e0ddcaf67839c833c937bfbffd305f36c,0.33613370535134496,-0.03577424016618158,0.13062921924373075,-0.21833151469324613,-0.33388737795740814,2.3458592363137586e-16,0.010405636475246718,0.0,3.878597708277439,-0.03178647174455491,-0.061321969709905076,1,0,0,0,0,0,0,1,1,0,1,1,3,0,0,4,1,2846,0,0,16,4,0,0,4,69,4,4
74,fb70b694ed5ce5337ff9fe8f8bfb8ff565b6b3026d4768fb1f16f1d1ca6844a9,3.520439065045613,-0.021971390058868254,-0.027154772260423315,-0.21833151469324613,1.0464352032538953,2.3458592363137586e-16,0.010405636475246718,0.0,10.856347295414231,-0.0013830307461917477,-0.061321969709905076,1,0,0,0,0,0,1,1,0,0,1,42,0,0,0,4,5,722,0,0,0,4,0,0,17,57,6,6
75,1874480abbdaa49cb5559c09d8bbe0427be0cf6c65b377f9d744b05111311030,-0.40751670524296807,-0.021971390058868254,-0.04044184522919418,2.500959584228673,-0.38367198574930866,0.17737387637513222,-0.12123402436302394,0.0,0.9672036304471362,-0.044471994055569626,-0.05918807001033615,1,0,0,0,0,0,1,1,1,0,1,60,1,2,32,4,3,5168,86,20,2,4,0,0,2,43,3,3
76,12926b2bd9a824c9f51bbc0e2ecbb0ba2b9f8c3315cbeacfebd75762610bdb57,3.527562153269696,0.033240010370385036,-0.03628963492645328,-0.21833151469324613,-0.8289129157140732,2.3458592363137586e-16,0.010405636475246718,0.0,0.7924171622245803,-0.045098783995652675,-0.05918807001033615,1,0,0,0,0,0,1,1,0,0,1,33,4,5,0,4,5,1908,0,0,19,1,0,0,11,50,3,3
77,e3273bf70c408dcc4229c612d178e358168b2673050b1deb7cbead6c6debb0fe,3.37854714762187,-0.021971390058868254,-0.04044184522919418,-0.21833151469324613,-0.868203454960795,2.3458592363137586e-16,0.010405636475246718,0.0,2.057048667599544,-0.039723322743904145,-0.061321969709905076,1,0,0,0,0,0,1,1,0,0,1,33,2,5,0,4,5,2901,0,0,9,1,0,0,3,55,5,5
78,9481e2a56920b5015041329105ce84a6c4a1f2a88451af2bd94446b1001559af,3.576284076722426,-0.03577424016618158,-0.03628963492645328,-0.21833151469324613,-0.3109186409736423,2.3458592363137586e-16,0.010405636475246718,0.0,4.851918499808102,-0.02754551971722293,-0.061321969709905076,1,0,0,0,0,0,0,0,0,0,1,33,2,5,0,4,5,2901,0,0,9,4,0,0,3,44,4,4
79,d7735d67cc1036a1ba3c280eaaab4483d2c342b74bba88658b124804becc2a75,1.4171335742382503,-0.049577090273494905,-0.039611403168646,-0.21833151469324613,3.2065829172330996e-14,2.3458592363137586e-16,0.010405636475246718,0.0,6.226220212135094,-0.021557414167876564,-0.061321969709905076,1,0,0,0,0,0,0,0,1,0,1,42,2,0,0,4,5,748,0,0,9,4,0,0,8,0,4,4
80,578958f29cbd25ebdc6abc09560f98d816c3236cffe065095445e464a35b1096,3.067695577522869,-0.049577090273494905,-0.039611403168646,-0.21833151469324613,-0.6336527272696891,2.3458592363137586e-16,0.010405636475246718,0.0,1.9011117204598127,-0.040402770997617285,-0.061321969709905076,1,0,0,0,0,0,0,0,0,0,1,33,1,5,0,4,5,2901,0,0,2,4,0,0,13,34,5,5
81,1c92d1fc658c5a910f3461ee857616ccfcb1a99fc1f3527c60dc74418e91a098,1.2282292745355567,-0.049577090273494905,-0.04044184522919418,-0.21833151469324613,1.2444640836958711,2.3458592363137586e-16,0.010405636475246718,0.0,1.1882571049638984,-0.043508820157448794,-0.061321969709905076,1,0,0,0,0,0,1,1,0,0,1,3,0,0,23,4,5,1357,26,2,0,1,0,0,17,57,5,5
82,01a586fca9efeab9f83ccab019962b0887882fac2625fe8363da97276c25e0f2,0.6820308695128374,-0.03577424016618158,-0.016359025473296984,-0.21833151469324613,3.078717347283855,2.3458592363137586e-16,0.010405636475246718,0.0,2.3809177116589857,-0.03831216098619224,-0.061321969709905076,1,0,0,0,0,0,1,1,1,0,1,42,2,0,0,4,2,1762,0,0,9,4,0,0,8,0,5,5
83,ba389149716b002f6612774f5686d822e3aa38e979fc756690ff109de0a85691,0.6033919755189562,-0.049577090273494905,-0.04044184522919418,-0.21833151469324613,-0.39603258822544807,2.3458592363137586e-16,0.010405636475246718,0.0,2.8230243945860067,-0.03638581434942947,-0.061321969709905076,1,0,0,0,0,0,0,0,1,0,1,42,1,0,0,4,2,2000,0,0,2,4,0,0,2,43,5,5
84,94c26adb4a5877e214e64edecdfc2598d403d5280b4ce3a9cc8c681dd8ca40e2,0.9284897220661255,-0.049577090273494905,-0.03795051904754965,-0.21833151469324613,1.5746746753487104,0.17737387637513222,2.0286755112849324,-0.2276208744208894,0.7512909344075083,-0.0454127685607109,-0.061321969709905076,1,0,0,0,0,0,1,1,1,1,1,60,1,2,20,4,2,2901,82,5,2,4,0,0,2,43,3,3
85,304b1f65af3902a061906325c880135f5b0f1b1d01db80e5b48fd80303bbfac5,3.493656253323058,0.5853540146629179,-0.03795051904754965,-0.21833151469324613,0.3624645835192631,0.5295342357926749,2.2786649921742295,1.8973632128908056,1.196825069092455,-0.042623609040302095,-0.04638467181292262,1,0,0,0,0,0,0,1,1,0,1,60,3,2,32,4,5,2901,86,20,16,3,0,0,4,69,5,5
86,13d78dc71c6fcce11dfc3f7c78e46a3522efdec921f072c54da1eed58504c86c,1.2362071333465305,-0.008168539951554933,-0.035459192865905105,-0.21833151469324613,-0.7842612762323143,2.3458592363137586e-16,0.010405636475246718,0.0,1.4795678853348249,-0.042239521221940725,-0.05918807001033615,1,0,0,0,0,0,1,1,0,0,1,33,2,5,0,4,5,2752,0,0,9,4,0,0,10,52,5,5
87,66feb973fedf7fe00bcd278b16ca2aab113fdc0e93ac0a8e3beb24e4bd428143,4.0558103759677255,1.137468018955451,-0.039611403168646,-0.21833151469324613,-0.24443892413259366,0.8816945952102174,2.7286460577749643,1.8973632128908056,1.573815490748948,-0.04182886568398223,-0.061321969709905076,1,0,0,0,0,0,0,0,1,0,1,60,2,2,32,4,5,2901,86,20,9,3,0,0,8,0,5,5
88,f0aa9c085bfd8421849a385518e1d8125888d1122fbae171c590e8b8f97738dd,2.2810217140550924,0.10225426090695167,-0.03628963492645328,-0.3271031586501229,0.10051728557483491,0.17737387637513222,-0.17123192054088338,0.0,0.6690384787733643,-0.045771158848383765,-0.061321969709905076,1,0,0,0,0,0,1,1,0,0,1,60,5,2,20,4,5,2629,5,5,20,4,0,0,19,73,3,3
89,1ccee0d945b27835d1c9da943df110c1c1a5ca20fecd1e9f6ceb8dee3425f2b7,-0.08156418810890903,0.1850713615508316,-0.03795051904754965,-0.21833151469324613,0.9005863158152195,0.17737387637513222,-0.0712361281851645,-0.2276208744208894,0.8695288393815903,-0.0448671462012601,-0.05918807001033615,1,0,0,0,0,0,1,1,0,0,1,60,5,2,32,4,3,4059,86,20,20,1,0,0,19,73,3,3
90,84f0086257ddfa01a56e621017bd02142eaa4392d71144f1a5f3f39681580e9f,0.7997042869746966,-0.049577090273494905,-0.027985214320971494,-0.21833151469324613,3.2065829172330996e-14,2.3458592363137586e-16,0.010405636475246718,0.0,2.250684856484802,-0.03887961140539844,-0.061321969709905076,1,0,0,0,0,0,1,1,1,0,1,44,1,0,0,4,2,1422,0,0,2,4,0,0,2,43,5,5
91,370e0debb78f2b1143fac682ed0bbf077427b3a1814f313d97bdac1f1b65d81a,1.2362071333465305,-0.03577424016618158,-0.039611403168646,-0.21833151469324613,3.2065829172330996e-14,2.3458592363137586e-16,0.010405636475246718,0.0,0.883237581987281,-0.04483785080756901,-0.061321969709905076,1,0,0,0,0,0,0,0,0,0,1,33,3,5,0,4,5,2728,0,0,16,1,0,2,14,4,3,3
92,bbe355fb2bc8cba02b400b8a67baa29a6e234bde019a80586670d9f03080653a,-0.012042847041854543,0.10225426090695167,-0.028815656381519672,-0.21833151469324613,1.524983394253358,2.3458592363137586e-16,0.010405636475246718,0.0,12.996625266940692,0.008094767121192328,-0.050652471212060464,1,0,0,0,0,0,1,1,0,0,1,2,0,0,22,4,3,3863,36,11,0,4,0,0,17,57,6,6
93,17f20f7f3259ca8b512fd2e508e188434f8d20c3a863f81042c41660f3eb9a35,4.233887581569812,-0.049577090273494905,-0.039611403168646,-0.4358748026069997,0.9210352319921887,-0.17478648304241043,2.7286460577749643,0.0,2.696218991169748,-0.03693833068050374,-0.061321969709905076,1,0,0,0,0,0,1,1,1,0,1,0,4,3,24,4,5,2572,11,18,19,4,0,0,6,48,5,5
94,f840f84a48dc96348f8c8d9825dc7678c9d5930642912683f8028258a75fcb19,0.2044990349702825,-0.049577090273494905,-0.04044184522919418,0.10798341717738418,3.2065829172330996e-14,0.17737387637513222,0.1287554565262733,-0.2276208744208894,3.290835635164955,-0.0343474678490717,-0.061321969709905076,1,0,0,0,0,0,1,1,1,0,1,60,1,2,20,4,1,3217,76,5,2,3,0,0,2,43,5,5
95,dd2ab17626e8ee8d23c4e2880b272148307ad417067bb4054608b11571f8c024,2.7246476486510094,-0.049577090273494905,-0.03462875080535693,-0.21833151469324613,2.6939624863151663,-0.17478648304241043,2.7286460577749643,-0.2276208744208894,3.911156171545832,-0.03164460805274189,-0.05918807001033615,1,0,0,0,0,0,1,1,1,0,1,24,2,3,22,4,5,2532,36,11,9,4,0,0,8,0,4,4
96,c3c63a4ef42ecd74ef57f72b0c7dc182a83b8e0d2ca5247a7e26bfe1c82bbb16,3.527562153269696,0.07464856069232502,-0.038780961108097825,2.500959584228673,-0.38476079720903567,2.3458592363137586e-16,0.010405636475246718,0.0,4.4235206260133975,-0.029381698028582776,-0.05918807001033615,1,0,0,0,0,0,0,0,0,0,1,33,4,5,0,4,5,2777,0,0,19,5,0,0,11,66,4,4
97,6833463c8cf25033002d25620913fcf2d50c9a5896c08068f4c0ec7de0aec207,-0.41577948758290506,-0.049577090273494905,-0.038780961108097825,-0.21833151469324613,3.2065829172330996e-14,0.17737387637513222,0.22875124888199216,-0.2276208744208894,1.4967038135919382,-0.042164856578675546,-0.061321969709905076,1,0,0,0,0,0,0,1,1,0,1,60,4,2,20,4,3,5197,76,5,19,4,0,0,6,40,5,5
98,9e418f2e9eb881585f4e175f2e71e9209391c23086ef1ec8bc46b179767ce530,3.628994929580646,-0.049577090273494905,-0.04044184522919418,2.500959584228673,0.594536968935371,2.3458592363137586e-16,0.010405636475246718,0.0,0.9003735102443943,-0.04476318616430383,-0.061321969709905076,1,0,0,0,0,0,1,1,1,0,1,1,1,0,0,4,5,862,0,0,2,1,0,0,2,43,3,3
99,dce30b8eee2f998c5d8ba5fc3df6be3f1f3a745acd68975bf9c7da3121f9d656,1.164691327576732,-0.049577090273494905,-0.039611403168646,-0.21833151469324613,2.8222763244357614,0.5295342357926749,0.010405636475246718,0.0,1.5995193831346182,-0.04171686871908446,-0.061321969709905076,1,0,0,0,0,0,1,1,1,0,1,60,4,2,22,4,5,2901,36,11,19,1,0,0,6,48,5,5
100,4e9dd903d38e5c21c4ec39b91848bd1ac6ed1490d751e3c08d773b471a3d1898,3.4853934709831225,-0.049577090273494905,-0.04044184522919418,-0.21833151469324613,-0.7819799569833625,2.3458592363137586e-16,0.010405636475246718,0.0,1.6697766889887828,-0.041275954260475436,-0.05918807001033615,1,0,0,0,0,0,0,0,0,0,1,33,1,5,0,4,5,2898,0,0,2,1,0,0,15,56,5,5
101,c91e2e8c506d8f58ed690886f4ce3d1f8950cea087e859a06777bfff7eddc840,0.3560783523787786,-0.049577090273494905,-0.00888504692836337,-0.21833151469324613,0.219446605875878,0.17737387637513222,-2.471135144722418,0.0,0.6587569218190964,-0.045785521313421826,-0.05918807001033615,1,0,0,0,0,0,0,1,1,0,1,60,3,2,20,4,1,2782,5,5,16,4,0,0,4,69,3,3
102,df29c5049702cfaec89252031768198301c3bf7d7c452100e7630945f39cda27,1.1490205334837498,-0.049577090273494905,-0.04044184522919418,-0.21833151469324613,1.7438241280255449,48.42334311657847,-0.8941372817914018,123.02145618965741,0.7512909344075083,-0.0454127685607109,-0.061321969709905076,1,0,0,0,0,0,1,1,1,0,1,60,1,2,24,4,5,2901,11,18,2,4,0,0,2,43,3,3
103,40fbb32ebfb12603a242e228ac52b2289222a40af85d5c0dd601e93ed2792c5f,3.5261375356248816,-0.049577090273494905,-0.039611403168646,0.21675506113426093,3.2065829172330996e-14,2.3458592363137586e-16,0.010405636475246718,0.0,0.7410093774532404,-0.04545756734667001,-0.05705417031076723,1,0,0,0,0,0,0,0,1,0,1,42,3,0,0,4,5,862,0,0,16,4,0,0,4,69,3,3
104,2e2072d8ebb1da3dc3a88fe18f831d68f9d00489fef2c85da1356500ba1c5132,-0.1459569056546238,-0.049577090273494905,-0.039611403168646,-0.21833151469324613,-0.24878380033855213,0.17737387637513222,2.1786691998185104,0.0,0.8900919532901262,-0.044777548629341885,-0.05918807001033615,1,0,0,0,0,0,1,1,1,0,1,60,3,2,20,4,3,4259,82,5,16,4,0,0,4,69,3,3
105,bf0513db6c18e892d563032403a83bfe0b1686e1f8b2250cc639970f30637bf9,0.8071122987277431,-0.049577090273494905,-0.04044184522919418,-0.21833151469324613,-0.08814781631348817,2.3458592363137586e-16,0.010405636475246718,0.0,3.1297577099682123,-0.03504931636537357,-0.061321969709905076,1,0,0,0,0,0,1,1,0,0,1,44,3,0,0,4,2,1402,0,0,16,1,0,2,4,16,5,5
106,1a1baa46358b4ecd242d58d7ee0866566af6759ae1f0f651fcce02884c3f8c82,3.1622901891386967,-0.049577090273494905,-0.039611403168646,-0.21833151469324613,-0.9716405436348645,2.3458592363137586e-16,0.010405636475246718,0.0,0.9157958456757963,-0.044695987985365164,-0.05918807001033615,1,0,0,0,0,0,0,0,0,0,1,33,2,5,0,4,5,2901,0,0,9,1,0,0,16,19,3,3
107,b0112865dcb0677308c77bcefbe761ff7cb0550ee7f2a6c673f42ee1eb029e25,0.0036279470511291706,-0.049577090273494905,-0.04044184522919418,-0.10955987073636936,4.850275810057463,0.17737387637513222,0.22875124888199216,1.8973632128908056,1.0254657865213215,-0.04411061724014009,-0.05918807001033615,1,0,0,0,0,0,1,1,1,0,1,60,2,2,22,4,3,3823,36,11,9,4,0,0,8,0,5,5
108,7dace661d5b625e87c4888b22e21316a0426bc6ca93bb3d5672180b4ba417703,1.233927745114824,0.0056343101557583914,-0.03712007698700147,0.21675506113426093,-0.8547229321260791,2.3458592363137586e-16,0.010405636475246718,0.0,0.9397861452357549,-0.044591457484793914,-0.061321969709905076,1,0,0,0,0,0,0,0,0,0,1,33,2,5,0,4,5,2690,0,0,9,4,0,0,5,10,3,3
109,dc282c98a1f8db80376ef5b036cee9e2164b007b466196df8fc40a4dbedb180e,2.4770491019818683,-0.03577424016618158,-0.03712007698700147,-0.21833151469324613,-0.6376035574235559,2.3458592363137586e-16,0.010405636475246718,0.0,2.9361219867693347,-0.03586258935387017,-0.05918807001033615,1,0,0,0,0,0,0,0,0,0,1,33,2,5,0,4,5,2901,0,0,9,4,0,0,8,32,5,5
110,6b2a570309128ace4a79c26d083bbfb5bc209a467d47335b90d98ec324694784,-0.08954204691988242,-0.049577090273494905,-0.04044184522919418,-0.21833151469324613,0.6969370943144625,0.17737387637513222,-0.4212214014301806,-0.2276208744208894,1.7571699231000608,-0.041029954001044804,-0.061321969709905076,1,0,0,0,0,0,1,1,0,0,1,60,0,2,20,4,3,4084,79,5,0,4,0,0,17,57,5,5
111,30a9521eb087b73e83542c3f30c85cc53e44fb18d60fcf39123f68bd7586d0a0,1.3997532389714862,0.3092970125166515,-0.024663446078778777,-0.21833151469324613,3.2065829172330996e-14,2.3458592363137586e-16,0.010405636475246718,0.0,2.3723497475304294,-0.038349493307824827,-0.061321969709905076,1,0,0,0,0,0,1,1,0,0,1,33,5,5,0,4,5,2893,0,0,20,1,0,2,19,73,5,5
112,41b30a60af2e93737c8aac834b5763664ecd0bd46f9336d2aca1ef38dc193722,3.73356186471019,-0.049577090273494905,-0.039611403168646,2.6097312281855496,-0.38672065783654436,2.3458592363137586e-16,0.010405636475246718,0.0,7.9603760852283365,-0.013731773716866439,-0.05705417031076723,1,0,0,0,0,0,0,0,0,0,1,33,2,5,0,4,5,2901,0,0,9,1,0,0,5,17,4,4
113,001f6dfaefdbbe31deedb00996c8a87dd90342690611d6a0be7fbb19e4b5326c,1.2359222098175673,-0.049577090273494905,-0.039611403168646,0.10798341717738418,3.2065829172330996e-14,2.3458592363137586e-16,0.010405636475246718,0.0,0.8558200967758997,-0.0449573142367933,-0.061321969709905076,1,0,0,0,0,0,0,0,0,0,1,44,3,0,22,4,5,748,36,11,16,3,0,1,14,61,3,3
114,1600f25d5b7b38e902a1d6b50c0f7e338fb5dd45dad0dc6d5eba1bb1a7dd3b9b,0.8452920516088309,-0.03577424016618158,-0.03795051904754965,-0.10955987073636936,0.3514935118583944,0.17737387637513222,0.42874283359342996,-0.2276208744208894,0.8918055461158376,-0.044561591627487844,-0.05278637091162939,1,0,0,0,0,0,1,1,1,0,1,13,2,5,19,4,2,2847,75,6,9,4,0,0,8,0,3,3
115,f26b4217fd3414996df636d44982a3feba6a585ca3829fe23fa5a215a30d92d3,1.2359222098175673,0.0056343101557583914,-0.038780961108097825,-0.21833151469324613,-0.8114711930925408,2.3458592363137586e-16,0.010405636475246718,0.0,1.325344531020805,-0.04291150301132735,-0.061321969709905076,1,0,0,0,0,0,0,0,1,0,1,33,4,5,0,4,5,2796,0,0,19,1,0,0,0,1,5,5
116,914d58d1e2bfea3bda8f7f281d860e1a5666846d1d4ef2016f1e10a3fb4a9526,3.871464852728446,0.06084571058501169,-0.03628963492645328,-0.21833151469324613,-0.8670420560704194,2.3458592363137586e-16,0.010405636475246718,0.0,0.883237581987281,-0.04483785080756901,-0.061321969709905076,1,0,0,0,0,0,0,0,0,0,1,33,2,5,0,4,5,2835,0,0,9,4,0,0,3,55,3,3
117,a471aa2d4aa3c9f3ac86bcc719e12b4277631d9a699a3143b01b8d59c182ca9d,1.7841150795430294,-0.049577090273494905,-0.03213742462371239,-0.21833151469324613,0.5788995624471007,0.17737387637513222,2.0786734074627917,0.0,3.972845446744814,-0.031375815626856964,-0.061321969709905076,1,0,0,0,0,0,0,1,1,0,1,60,1,2,20,4,5,2870,19,5,2,1,0,0,2,43,4,4
118,d296b476e4dab6e26aa1a99c8ef5574ecdea62f0f3f85b45bc5cd4edd4ae9935,3.5261375356248816,0.06084571058501169,-0.035459192865905105,-0.21833151469324613,-0.36008107078855595,2.3458592363137586e-16,0.010405636475246718,0.0,4.0670932517388145,-0.03002163327073677,-0.04638467181292262,1,0,0,0,0,0,0,0,0,0,1,33,3,5,0,4,5,2853,0,0,16,3,0,2,14,61,4,4
119,9211c52a794de3476394417adc7ea932da515862ce5301fc92354a479d515e4c,0.14979371740932176,-0.049577090273494905,-0.04044184522919418,2.500959584228673,-0.24912599822589485,2.3458592363137586e-16,0.010405636475246718,0.0,3.708952151585269,-0.032525651133140744,-0.061321969709905076,1,0,0,0,0,0,0,1,1,0,1,42,2,0,0,4,1,3364,0,0,9,1,0,2,8,0,4,4
120,c7cd485696b43f6223a19297f5bce3239525badda169c0f7f0461f31ad7736cc,-0.01660162350526775,-0.049577090273494905,-0.035459192865905105,2.500959584228673,1.6653363762286493,2.3458592363137586e-16,0.010405636475246718,0.0,2.2455438784277906,-0.03890201166798716,-0.061321969709905076,1,0,0,0,0,0,1,1,0,0,1,1,0,0,0,4,3,3877,0,0,0,1,0,0,17,57,5,5
121,cf4f41d9aad7d41f75068853ffe0996c67ee8dc2fb0494667070ffa59fb53178,3.2600189595731215,-0.049577090273494905,-0.03628963492645328,-0.21833151469324613,1.1510233211853906,2.3458592363137586e-16,0.010405636475246718,0.0,3.878597708277439,-0.03175603542363386,-0.05918807001033615,1,0,0,0,0,0,1,1,0,0,1,42,0,0,0,4,5,748,0,0,0,4,0,0,17,57,4,4
122,04732bec03125a8a17f1191cbd7c6dc675628bbb87125c4f717b81d9c3bedd6e,3.520439065045613,0.06084571058501169,-0.038780961108097825,2.500959584228673,-0.6779310599652558,2.3458592363137586e-16,0.010405636475246718,0.0,7.369186560357927,-0.016442493330736958,-0.05918807001033615,1,0,0,0,0,0,0,0,1,0,1,33,4,5,0,4,5,2858,0,0,19,1,0,0,6,48,4,4
123,2bf76a47a9099511e154deb0b7faf46f0d5bb36c52be89f5abb7733683700825,0.5435580344366552,0.1712685114435183,-0.03712007698700147,-0.10955987073636936,-0.48368709554995043,-0.17478648304241043,-1.5711730135209478,-0.2276208744208894,8.67665762026917,-0.010849935309383317,-0.05918807001033615,1,0,0,0,0,0,1,0,1,0,1,60,2,2,32,4,2,2901,86,20,9,4,0,0,8,0,4,4
124,75593cfb0a01c40b556b763edc1524f21448c206df9b49de8769636065edae9a,3.5272772297407333,0.019437160263071716,-0.035459192865905105,-0.21833151469324613,-0.5018339532120679,2.3458592363137586e-16,0.010405636475246718,0.0,2.838446929597286,-0.03628817897996059,-0.05918807001033615,1,0,0,0,0,0,0,0,0,0,1,33,4,5,0,4,5,2901,0,0,19,3,0,0,6,36,5,5
125,47d65a5d5de9585dc17bfb6571243b655bfc499490b6a12e2e2d97bf9cc7ba1d,3.527562153269696,0.07464856069232502,-0.03462875080535693,-0.21833151469324613,-0.25680989624168293,2.3458592363137586e-16,0.010405636475246718,0.0,9.105056159330132,-0.00901375409932624,-0.061321969709905076,1,0,0,0,0,0,0,0,1,0,1,33,4,5,0,4,5,2858,0,0,19,3,0,0,6,40,4,4
126,b0b31d5ccb8e935dbe91f9fe53c45c558ee30d0e7949229325595991dd571c17,3.4802648474617817,0.07464856069232502,-0.03213742462371239,0.10798341717738418,-0.6981414745843798,2.3458592363137586e-16,0.010405636475246718,0.0,4.33098608121198,-0.029141378635984632,-0.050652471212060464,1,0,0,0,0,0,0,0,0,0,1,33,1,5,0,4,5,2870,0,0,2,1,0,0,2,43,4,4
127,deed3eee4c1e7e772d31a2a52f89d8416d8283f1d621d7d1c905ad938b358b5d,3.4962205650837284,-0.049577090273494905,-0.04044184522919418,2.500959584228673,3.2065829172330996e-14,2.3458592363137586e-16,0.010405636475246718,0.0,1.3390532736264955,-0.042851771296715205,-0.061321969709905076,1,0,0,0,0,0,0,0,0,0,1,44,3,0,0,4,5,748,0,0,16,3,0,2,4,46,5,5
128,3eca591df64443bc13fca831d09f5b8100ea0f77f98f7f95464ffc1bb443a389,2.4072428373858505,-0.03577424016618158,-0.038780961108097825,-0.21833151469324613,-0.6211987980970016,0.17737387637513222,0.9287217953720244,0.0,0.8746696178587243,-0.04478387416643845,-0.05492027061119831,1,0,0,0,0,0,1,1,1,0,1,0,1,3,22,4,5,2870,36,11,2,1,0,0,2,43,3,3
129,fa942b55d7926d48a3879cc03eeb69fef3848d819c94e48b1787890c3f8af7db,0.9863291984456827,-0.008168539951554933,-0.00888504692836337,-0.21833151469324613,3.2065829172330996e-14,2.3458592363137586e-16,0.010405636475246718,0.0,13.980227415845745,0.012228335460268995,-0.061321969709905076,1,0,0,0,0,0,1,0,1,0,1,46,3,0,0,4,2,931,0,0,16,1,0,2,4,69,6,6
130,33ac04a74cf13d2116e2729f70915a333a157af9f76677b44b9bb0883f491c6a,-0.3909911405630945,-0.049577090273494905,-0.04044184522919418,-0.3271031586501229,3.2065829172330996e-14,0.17737387637513222,-1.471177221165229,0.0,0.7427229702789516,-0.04545010088234349,-0.061321969709905076,1,0,0,0,0,0,0,1,0,0,1,13,0,5,20,4,3,5111,79,5,0,4,0,0,17,57,3,3
131,5e2731eef0fb61268c191c26025f644e5760119ded3d6548caa7ef3aa945f022,2.761687707416243,0.0056343101557583914,0.06668518058152095,-0.10955987073636936,3.006337309294382,2.3458592363137586e-16,0.010405636475246718,0.0,25.106585034449797,0.06070808572352318,-0.061321969709905076,1,0,0,0,0,0,1,1,0,0,1,45,5,0,0,4,5,748,0,0,20,4,0,0,19,73,9,9
132,845aebe3e7e400db4e166b2701b5807eff3ee87c928628dc150f456f1cee78c6,0.03895846464258292,-0.03577424016618158,-0.03628963492645328,2.500959584228673,1.3818202417486758,0.17737387637513222,-1.5711730135209478,0.0,2.264393665617118,-0.03881987940091657,-0.061321969709905076,1,0,0,0,0,0,1,1,1,0,1,60,2,2,20,4,1,3726,82,5,9,4,0,0,8,0,5,5
133,e4f7de0e8a799d4482c84b938c8f644475447bd69c4076acf79facacaa225a7a,0.5666368402826854,-0.049577090273494905,-0.04044184522919418,-0.3271031586501229,-0.3141124879221749,2.3458592363137586e-16,0.010405636475246718,0.0,2.142728308885111,-0.03934999952757824,-0.061321969709905076,1,0,0,0,0,0,0,0,1,0,1,42,3,0,0,4,2,2118,0,0,16,4,0,0,4,69,5,5
134,f94c1696b57967914aeabe37fbc7f6b9e625996a108ea408d49e46ec30efbbe0,1.6305412974317899,-0.049577090273494905,-0.03628963492645328,-0.21833151469324613,3.245709916307136,0.5295342357926749,1.2620411032244216,0.0,0.7838491980960236,-0.044649695790592865,-0.05492027061119831,1,0,0,0,0,0,0,0,1,0,1,60,3,2,24,4,5,1385,11,18,16,4,0,0,4,69,3,3
135,82b4c3266143c9a702f39fdae3b85739712045fd4d5ea21bb950411b31e71f83,3.89739289386411,0.033240010370385036,-0.039611403168646,-0.21833151469324613,-0.7818347821220656,2.3458592363137586e-16,0.010405636475246718,0.0,1.253373632340929,-0.04322509451304111,-0.061321969709905076,1,0,0,0,0,0,0,0,0,0,1,33,2,5,0,4,5,2816,0,0,9,1,0,0,5,25,5,5
136,11ee018901bd56c972ee17f5567729d4cbdaec35d4ba4e61d8e036716e33902a,-0.2311490408146617,-0.03577424016618158,-0.04044184522919418,-0.21833151469324613,3.2065829172330996e-14,0.17737387637513222,-0.0712361281851645,0.0,1.6680630961630714,-0.041418210146023746,-0.061321969709905076,1,0,0,0,0,0,1,1,0,1,1,60,3,2,23,4,3,4553,27,2,16,4,0,0,12,51,5,5
137,4b437c9a0655c43c7ed1750e1549b4e352c7ac5d838d05e2dec937ac0ae8981c,1.159847627584355,-0.03577424016618158,-0.03712007698700147,-0.21833151469324613,0.9960284174850081,-0.17478648304241043,1.1287133800834621,-0.2276208744208894,2.0484807034709873,-0.039730218744615686,-0.05918807001033615,1,0,0,0,0,0,1,1,0,0,1,13,0,5,20,4,5,2901,82,5,0,4,0,0,17,57,5,5
138,a6cddbd3a6c71470f2f3f26374dfcb87ccd5403095e9d7ccd6252cd1b9ba5da6,1.6502010209302616,-0.049577090273494905,-0.04044184522919418,-0.21833151469324613,-0.771994000452723,2.3458592363137586e-16,0.010405636475246718,0.0,0.9911939300070949,-0.04436746355499837,-0.061321969709905076,1,0,0,0,0,0,0,0,0,0,1,44,3,0,0,4,5,301,0,0,16,1,0,2,12,51,5,5
139,24ce25900461eea18408849a9bbc40f46052b5c6a56bcd093f6024ead4a8c4e1,3.54323294736268,-0.03577424016618158,-0.038780961108097825,-0.21833151469324613,-0.6117831713786002,2.3458592363137586e-16,0.010405636475246718,0.0,1.7914417796142874,-0.0408501883935934,-0.05918807001033615,1,0,0,0,0,0,1,1,0,0,1,33,2,5,0,4,5,2690,0,0,9,1,0,0,16,19,5,5
140,36d9f0d074d6b0596156c619790b20b0775b3c36eaf690f8194d4a223474987a,1.0253637219136602,-0.049577090273494905,-0.027985214320971494,2.3921879402717963,0.2304384168026462,0.5295342357926749,0.39541090280818936,0.0,0.6844608142047663,-0.04561265170668195,-0.05492027061119831,1,0,0,0,0,0,0,0,1,1,1,60,2,2,25,4,2,2901,67,17,9,4,0,0,8,0,3,3
141,46ed10191a1814f633c95e45ae11b1b4c5009e967a0d75544ece709cd267baf8,2.4288970255870646,0.07464856069232502,-0.035459192865905105,-0.21833151469324613,-0.7613340177803478,2.3458592363137586e-16,0.010405636475246718,0.0,3.463908643615051,-0.03359335437235394,-0.061321969709905076,1,0,0,0,0,0,0,1,0,0,1,33,2,5,0,4,5,2901,0,0,9,1,0,0,8,32,4,4
142,14627a9b3e4a466c9555cb0361760cb354de23a87c07a6692cff741c35948f60,-0.47675312278105925,-0.049577090273494905,-0.04044184522919418,-0.3271031586501229,-0.638785695579831,-0.17478648304241043,-0.2712277128966023,0.0,0.6587569218190964,-0.045815957634342874,-0.061321969709905076,1,0,0,0,0,0,1,1,1,1,1,17,1,5,20,4,3,5409,76,5,2,4,0,0,2,43,3,3
143,098861e9f6126709d469928b3add047cde7068345b528a7a1b93a0331adf5a58,0.9008521397566807,0.1850713615508316,-0.03379830874480875,-0.21833151469324613,0.6645631002452451,0.17737387637513222,0.7287302106605866,0.0,3.1640295664824394,-0.03489998707884321,0.04323911556897211,1,0,0,0,0,0,1,1,1,0,1,60,1,2,21,4,2,2901,3,3,2,4,0,0,2,43,5,5
144,3924bb87d5f8121a312b17dd7ced8baf3a6c85e8d570b2a95e66a66d7659605a,-0.2599263172399586,-0.049577090273494905,-0.04044184522919418,-0.21833151469324613,-0.3605269650053965,2.3458592363137586e-16,0.010405636475246718,0.0,0.821548240261673,-0.04510664352332366,-0.061321969709905076,1,0,0,0,0,0,0,1,1,1,1,17,1,5,20,4,3,4654,79,5,2,4,0,0,2,43,3,3
145,9891c3a2d27d75d35e16fda5a6356ffd864dbd7977a874824a6a290b0a98aaf3,3.5261375356248816,0.0056343101557583914,-0.035459192865905105,-0.21833151469324613,-0.09795748908398143,2.3458592363137586e-16,0.010405636475246718,0.0,1.5618203409689688,-0.04188113093426786,-0.061321969709905076,1,0,0,0,0,0,0,0,0,0,1,33,3,5,0,4,5,2901,0,0,16,1,0,0,4,16,5,5
146,7bcf9d182eedbf83c7afcab5b7f80a8e9f51c9f17f25ca04b4fc1a568a5f163b,0.8977179809380845,-0.008168539951554933,-0.028815656381519672,-0.21833151469324613,2.0515740947091574,2.3458592363137586e-16,0.010405636475246718,0.0,1.4041698010035262,-0.042446300368623326,-0.05278637091162939,1,0,0,0,0,0,1,1,0,0,1,52,0,3,22,4,2,2901,36,11,0,4,0,0,17,57,5,5
147,5d11d15bfc0d4403c69301f8f5457c96f1b2bccd22b15862a6fb5eec49516432,3.421855524024298,0.11605711101426498,-0.03462875080535693,-0.21833151469324613,-0.5627970253238328,2.3458592363137586e-16,0.010405636475246718,0.0,1.0186114152184762,-0.04424800012577408,-0.061321969709905076,1,0,0,0,0,0,0,0,0,0,1,33,2,5,0,4,5,1741,0,0,9,4,0,0,3,2,5,5
148,6fc138a9ec095f7140b4791d91d6bfafa3b7aa334977a97ddf2651de471b1249,3.7059242824007472,0.019437160263071716,-0.03712007698700147,-0.21833151469324613,-0.7265542688667809,2.3458592363137586e-16,0.010405636475246718,0.0,4.264156094062489,-0.030106517271088346,-0.061321969709905076,1,0,0,0,0,0,0,0,0,0,1,33,2,5,0,4,5,2901,0,0,9,4,0,0,10,52,4,4
149,47c347f104e474181aa814646092e6aee7827cc01d9933b91d8cfd169decb39c,0.2666123642842899,-0.021971390058868254,-0.04044184522919418,-0.21833151469324613,-0.36858416980737674,-0.17478648304241043,1.6286923418620567,0.0,2.063903038902389,-0.038869158703184976,-0.05918807001033615,1,0,0,0,0,0,1,1,1,0,1,0,3,3,24,4,1,3041,11,18,16,1,0,0,4,69,5,5
150,6d5ac3705d4c0ac92e0dcecaf384e11aab2fb33c9ce269f4941ac94577217b56,4.353270540205451,-0.049577090273494905,-0.038780961108097825,-0.21833151469324613,-0.21528988591075798,2.3458592363137586e-16,0.010405636475246718,0.0,3.5170298216322253,-0.03305608229001526,-0.05918807001033615,1,0,0,0,0,0,0,0,0,0,1,33,2,5,0,4,5,2789,0,0,9,4,0,0,3,44,4,4
151,faa7f1a200e3b2e6da7334ffaef18ff3faf618fa980d165a224c60a592c23ee2,2.2756081670047883,-0.049577090273494905,-0.04044184522919418,-0.21833151469324613,-0.8305824266189881,2.3458592363137586e-16,0.010405636475246718,0.0,1.3956018368749696,-0.04247058855271832,-0.05918807001033615,1,0,0,0,0,0,0,0,0,0,1,33,2,5,0,4,5,2796,0,0,9,4,0,0,5,20,5,5
152,49fa9d937a2c65fb2592452ed5b3673cc9daa24eceec2203c5435896b2cab1f8,3.527562153269696,0.019437160263071716,-0.035459192865905105,-0.21833151469324613,-0.7254343485082045,2.3458592363137586e-16,0.010405636475246718,0.0,1.1368493201925582,-0.04359802466602255,-0.05918807001033615,1,0,0,0,0,0,0,0,0,0,1,33,4,5,0,4,5,2901,0,0,19,1,0,0,11,50,5,5
153,9dd8352033e162760e2e18eb8add101c70b56f760472432a77c3aac0264ee798,0.8894551985981478,-0.021971390058868254,-0.031306982563164214,-0.21833151469324613,0.7180704062661172,2.3458592363137586e-16,0.010405636475246718,0.0,0.7170190778932817,-0.03922605645165382,-0.031447373915940165,1,0,0,0,0,0,1,0,1,0,1,52,3,3,22,4,2,1177,36,11,16,4,0,0,4,69,3,5
154,e9be8030f3b6818e6e0aaa0e7ad3b9ab40027c1e64f7a7987e961b56371ef6eb,3.52528276503799,0.033240010370385036,-0.030476540502616032,-0.21833151469324613,-0.9173347758768593,2.3458592363137586e-16,0.010405636475246718,0.0,1.741747521142033,-0.04079133991202741,-0.05918807001033615,1,0,0,0,0,0,1,0,0,0,1,33,4,5,0,4,5,2618,0,0,19,4,0,0,1,7,5,5
155,6ec559c3e52ff31e8116a1b2bf9aaa8053725f3fa1a48bbd43500038fc3f93d6,1.2399111392230535,0.0056343101557583914,-0.03462875080535693,-0.21833151469324613,-0.5314081463848445,2.3458592363137586e-16,0.010405636475246718,0.0,2.6482383255232054,-0.037147391971515974,-0.05918807001033615,1,0,0,0,0,0,0,1,0,0,1,33,2,5,0,4,5,2847,0,0,9,4,0,0,16,54,5,5
156,eed53e3617e332fabec771b890e5685529bb6b003f4ac21d59dae939b5c0c4af,3.5284169238565886,-0.049577090273494905,-0.038780961108097825,-0.21833151469324613,-1.047950672512306,2.3458592363137586e-16,0.010405636475246718,0.0,1.279077458199973,-0.043113097838013065,-0.061321969709905076,1,0,0,0,0,0,0,0,0,0,1,33,3,5,0,4,5,2829,0,0,16,4,0,0,12,3,5,5
157,cec4f39439562770276012c1aa6c050f160e1a8141a077aaa7c546537ee49194,1.2342126686437878,0.0056343101557583914,-0.03795051904754965,-0.21833151469324613,-0.9030869002038596,2.3458592363137586e-16,0.010405636475246718,0.0,2.831592691347692,-0.036348480578448264,-0.061321969709905076,1,0,0,0,0,0,0,0,0,0,1,33,2,5,0,4,5,2901,0,0,9,4,0,0,8,37,5,5
158,b70c18dbd11aec7f4caad6b5687d262d8668ff3cd1ff733bc5c683d0952659d5,1.2359222098175673,0.019437160263071716,-0.03462875080535693,-0.21833151469324613,3.2065829172330996e-14,2.3458592363137586e-16,0.010405636475246718,0.0,0.9620628519700023,-0.04449439344854918,-0.061321969709905076,1,0,0,0,0,0,1,1,0,0,1,33,3,5,0,4,5,2901,0,0,16,4,0,0,14,12,3,3
159,141896532dea8d371c723737ae0085d723b848b5951d092d8b9e45215b66fc0b,3.498499953315436,0.15746566133620496,-0.03296786668426057,2.500959584228673,-0.1401722648225416,2.3458592363137586e-16,0.010405636475246718,0.0,16.063956092330848,0.021337994431324052,-0.05918807001033615,1,0,0,0,0,0,0,0,0,0,1,33,2,5,0,4,5,2901,0,0,9,4,0,0,3,2,6,6
160,ace9d10d647a4a41417a619298e0c5497784ba36da312bdf2320d42d5fc72c5e,3.4862482415700136,0.06084571058501169,-0.03462875080535693,-0.21833151469324613,-0.7208198618455518,2.3458592363137586e-16,0.010405636475246718,0.0,2.675655943787838,-0.037027927962552235,-0.061321969709905076,1,0,0,0,0,0,1,1,1,0,1,33,4,5,0,4,5,2870,0,0,19,4,0,0,0,1,5,5
161,e20a2b0d18d4006a3a3080cfa35dd742032e92b3bc31db706da7b172f402d394,0.9963015219593996,-0.049577090273494905,-0.04044184522919418,-0.21833151469324613,1.5469462768409947,0.17737387637513222,0.010405636475246718,0.0,5.055835913014499,-0.02665701104210673,-0.061321969709905076,1,0,0,0,0,0,1,1,1,0,1,60,4,2,20,4,2,2901,76,5,19,4,0,0,6,48,4,4
162,2aa156b4f4d003ade3180c0441378ac8bde39fc59a2bdceda25e3d7042931e97,0.23498585256935994,0.19887421165814492,-0.03795051904754965,-0.10955987073636936,3.2065829172330996e-14,1.5860153140453026,0.39541090280818936,0.0,1.1317085417154242,-0.043663904517460744,-0.050652471212060464,1,0,0,0,0,0,1,1,1,0,1,60,1,2,32,4,1,3129,86,20,2,4,0,0,2,43,5,5
163,4c1a0ca936272894de3d8d779c98d8946901eaa9fff37713de82e1b3790c52ce,-0.024009635258314815,-0.049577090273494905,-0.03462875080535693,-0.21833151469324613,-0.41235439048840405,0.17737387637513222,-0.021238232007305055,-0.2276208744208894,1.3750387894930594,-0.04269497525598861,-0.061321969709905076,1,0,0,0,0,0,1,1,1,0,1,60,4,2,20,4,3,3898,19,5,19,1,0,0,6,48,5,5
164,c6aea29d5f20b31b5bc970bf04b92202a8e712705731aefb800143ec7cfb5dd7,4.303978769694793,-0.049577090273494905,-0.024663446078778777,-0.21833151469324613,-0.24878380033855213,0.17737387637513222,2.6286502654192456,0.0,1.8291408217799368,-0.04071636249933105,-0.061321969709905076,1,0,1,0,0,0,0,0,1,0,1,54,3,2,30,4,5,2901,16,15,16,4,0,0,4,69,5,5
165,d4db3b449aa3fb4ddf443229979ce3e06fe458d364732b0d9690e709f24f0cf5,-0.6009797814090747,-0.049577090273494905,-0.04044184522919418,-0.3271031586501229,3.2065829172330996e-14,-0.17478648304241043,-1.2711856364537912,0.0,1.0648784215126823,-0.044046405588958094,-0.061321969709905076,1,0,0,0,0,0,1,1,1,0,1,13,2,5,20,4,0,5834,76,5,9,4,0,0,8,0,5,5
166,f9c6fc0a954248726f32f4d4df8b4444b9a79f1d6b2c1ebfcf728325d39facc6,0.7737762458390326,-0.049577090273494905,-0.039611403168646,2.500959584228673,1.764065651543518,2.6424963922979305,2.0286755112849324,1.8973632128908056,6.6203462294155715,-0.019809692501204977,-0.05918807001033615,1,0,0,0,0,0,1,1,0,0,1,60,0,2,22,4,2,2901,36,11,0,4,0,0,17,57,4,4
167,fc2adcf09a97fa7a937300fc58780a8f25e359472f663947bd107488a1f331fe,3.2890811595273823,-0.008168539951554933,-0.038780961108097825,-0.21833151469324613,3.2065829172330996e-14,2.3458592363137586e-16,0.010405636475246718,0.0,2.1941360936564505,-0.039126005597782704,-0.061321969709905076,1,0,0,0,0,0,0,0,0,0,1,33,0,5,0,4,5,2901,0,0,0,3,0,0,17,62,5,5
168,592022af72fff5c0654fa1b035175cc805dfecbffbd2028dfd9ee57fda208269,0.8905948927140013,-0.008168539951554933,-0.031306982563164214,-0.21833151469324613,2.6505552027873813,2.3458592363137586e-16,0.010405636475246718,0.0,1.0974366852011976,-0.03384664543505891,-0.03998297271421585,1,0,0,0,0,0,1,1,1,0,1,52,4,3,22,4,2,1480,36,11,19,4,0,0,6,48,5,4
169,82b6b8fea88ae9bf58117222cb1ab9e455c0f519cb1ba530974e23d878185b7c,3.5261375356248816,0.033240010370385036,-0.038780961108097825,-0.21833151469324613,-0.4560935022705821,2.3458592363137586e-16,0.010405636475246718,0.0,2.632815790511926,-0.03690877846223802,-0.04211687241378478,1,0,0,0,0,0,0,0,0,0,1,33,3,5,0,4,5,2901,0,0,16,1,0,0,4,16,5,5
170,da2d92bb9537e68f2a2a849d202b5ec594fd2a7ea5331ec59ede2ab22f317089,3.611044747255955,0.1298599611215783,-0.035459192865905105,-0.21833151469324613,0.019737844896037606,2.3458592363137586e-16,0.010405636475246718,0.0,7.72047308962875,-0.015046657565022548,-0.061321969709905076,1,0,0,0,0,0,0,0,0,0,1,33,3,5,0,4,5,2901,0,0,16,1,0,0,4,16,4,4
171,0939190e9340e329d3b5b6d3729bf4c9208e1c405ce4ca42145bbeb456e33b10,-0.18214219383296748,-0.049577090273494905,-0.04044184522919418,-0.21833151469324613,0.9214811262090292,0.17737387637513222,-0.7212087784973373,-0.2276208744208894,1.0511696789069915,-0.04410613730357024,-0.061321969709905076,1,0,0,0,0,0,1,0,1,0,1,60,1,2,20,4,3,4384,82,5,2,4,0,0,2,43,5,5
172,dcfcf3aec26b516d319db27ad425ffe4e48ddb46868a415f623931d1dc7d554e,3.5261375356248816,-0.03577424016618158,-0.03712007698700147,-0.21833151469324613,-0.4728923076492279,2.3458592363137586e-16,0.010405636475246718,0.0,2.776757787451555,-0.036317828304583535,-0.05705417031076723,1,0,0,0,0,0,0,0,0,0,1,33,3,5,0,4,5,2901,0,0,16,1,0,0,14,4,5,5
173,dd82cb691cdf537ab2d9efef8ff6c68288119bf7214e03c56147daa2f90a5070,-0.4066619346560781,-0.049577090273494905,-0.04044184522919418,-0.000788226779492595,-0.09795748908398143,0.17737387637513222,1.2787070686170405,-0.2276208744208894,1.016897822392765,-0.0442554665901006,-0.061321969709905076,1,0,0,0,0,0,1,1,0,0,1,60,3,2,20,4,3,5165,82,5,16,4,0,0,4,16,5,5
174,78230ce5d6f984d4a4735012ec9558001c70bac16eeb43ead213d5d2e1e73449,3.658342053063869,0.08845141079963834,-0.03628963492645328,-0.21833151469324613,3.2065829172330996e-14,2.3458592363137586e-16,0.010405636475246718,0.0,4.490350613162888,-0.028815130262683286,-0.05918807001033615,1,0,0,0,0,0,0,0,0,0,1,33,4,5,0,4,5,2629,0,0,19,1,0,0,11,71,4,4
175,d03b74e642acef12ecb4e8528eb6e6e046f04c054459e9e3acaa94c88722b790,-0.51436302860422,-0.049577090273494905,-0.04044184522919418,-0.3271031586501229,1.1540616236396763,2.3458592363137586e-16,0.010405636475246718,0.0,1.2465192610380835,-0.043254960370347185,-0.061321969709905076,1,0,0,0,0,0,1,1,0,0,1,7,5,3,20,4,3,5540,82,5,20,4,0,0,19,73,5,5
176,0533bd076d12796b2a5f5fe0d746e4106a0e8a7ab7d83db884073768bea216ed,1.9228728381481766,0.2954941624093382,0.0044020260404075,-0.21833151469324613,1.060869732319991,2.3458592363137586e-16,0.010405636475246718,0.0,30.920805558614976,0.08613311133472902,-0.05492027061119831,1,0,1,0,0,0,1,1,0,0,1,2,4,0,22,4,5,748,36,11,19,4,0,0,11,47,9,9
177,8d1c9a37b7181831ef3b1b65fb186a90d7f6bcd0379a736063182b82530051bb,-0.031987494069288025,-0.03577424016618158,-0.03795051904754965,-0.21833151469324613,-0.3680242096280885,0.17737387637513222,0.010405636475246718,0.0,0.9055142887215283,-0.04474078677132427,-0.061321969709905076,1,0,0,0,0,0,1,1,0,0,1,60,0,2,20,4,3,3919,82,5,0,4,0,0,17,57,3,3
178,eb67ef19edace7c7d93b1b6075a84a2cb13364a9d475ec86df90fcc119badb1b,-0.9554246514394676,-0.049577090273494905,-0.04044184522919418,3.864345073512139e-16,-0.24990372069712843,1.23385495462776,0.10375650843734356,-0.2276208744208894,4.363544544480372,-0.024208010453139084,-0.05492027061119831,1,0,0,0,0,0,1,1,1,1,1,60,1,2,22,4,4,7066,36,11,2,2,4,0,2,43,4,4
179,603676b3873f0735da81ee7e6d7eca9d12b37e0b8809c86bfd82d39ee5a4577f,3.3380880065090763,-0.03577424016618158,-0.03795051904754965,-0.21833151469324613,0.1834432402742369,2.3458592363137586e-16,0.010405636475246718,0.0,2.139301123233688,-0.03936493245623128,-0.061321969709905076,1,0,0,0,0,0,1,1,0,0,1,33,2,5,0,4,5,2898,0,0,9,4,0,0,16,28,5,5
180,6e6243cba08ab5987f7aabf57abd8058a6bfd9ca02cbe611c6184f80b365d4af,3.5261375356248816,0.033240010370385036,-0.03795051904754965,-0.21833151469324613,-0.7484756729226187,2.3458592363137586e-16,0.010405636475246718,0.0,0.646761772039117,-0.0458682228846285,-0.061321969709905076,1,0,0,0,0,0,1,1,0,0,1,33,4,5,0,4,5,2810,0,0,19,1,0,0,11,70,3,3
181,c500daf650737d0fa3a77d1a06cad787ccb5d06fe658eea2a2a3f7bfaca9cf8f,3.5281320003276235,0.06084571058501169,-0.03712007698700147,-0.21833151469324613,3.2065829172330996e-14,2.3458592363137586e-16,0.010405636475246718,0.0,3.3885103597038753,-0.033921879672329895,-0.061321969709905076,1,0,0,0,0,0,0,0,0,0,1,33,3,5,0,4,5,2901,0,0,16,1,0,0,12,3,4,4
182,7989fef9fa0fe79c7281e0169b0c1e489f811a60b4cdb864375d096a61d6c8c7,4.125901564092707,-0.03577424016618158,-0.04044184522919418,-0.21833151469324613,-0.9500509678334197,2.3458592363137586e-16,0.010405636475246718,0.0,2.982388926536915,-0.03569143142784495,-0.061321969709905076,1,0,0,0,0,0,0,0,0,0,1,33,2,5,0,4,5,2901,0,0,9,4,0,0,8,9,5,5
183,fc022e4c4afa2e325c53521eec67732e3499678aff76a3bddc92c3f1b0e4bb69,1.2359222098175673,0.08845141079963834,-0.03296786668426057,-0.21833151469324613,3.2065829172330996e-14,2.3458592363137586e-16,0.010405636475246718,0.0,1.4333008125139932,-0.04244111604862644,-0.061321969709905076,1,0,0,0,0,0,0,1,0,0,1,33,4,5,0,4,5,1205,0,0,19,1,0,0,11,66,5,5
184,a931c5b8e3878231880d8fb6098a49a358d7548a54792902140205058161dca3,3.5238581473931743,0.033240010370385036,-0.03628963492645328,-0.21833151469324613,-0.6206284682847637,2.3458592363137586e-16,0.010405636475246718,0.0,1.203679506921926,-0.04344162168864041,-0.061321969709905076,1,0,0,0,0,0,0,0,1,0,1,33,4,5,0,4,5,2901,0,0,19,1,0,0,0,1,5,5
185,7e87a21f5cae5b5a14f57db741bdb8bffff0a01c3f30436f5e2e265dc2d8493e,0.48685825217295076,0.3092970125166515,-0.01801990959439334,2.500959584228673,5.226143895588189,0.5295342357926749,-0.8712024670309156,-0.2276208744208894,1.1248541038859532,-0.04373672356019922,-0.05705417031076723,1,0,0,0,0,0,0,1,1,0,1,60,1,2,32,4,1,2829,85,20,2,4,0,0,2,43,5,5
186,d7dc804ca5fd50f63dadf6a250a6ea9ce30181bd97201094c29a3a7175dbb1ca,3.5258526120959166,-0.03577424016618158,-0.04044184522919418,-0.3271031586501229,3.2065829172330996e-14,-0.17478648304241043,2.128671303640651,0.0,2.2455438784277906,-0.03890201166798716,-0.061321969709905076,1,0,0,0,0,0,0,0,1,0,1,0,2,3,24,4,5,2901,11,18,9,3,0,2,8,0,5,5
187,a4ecbccb0e29de6de1ecd896ab9df1250e1c60e636508396f0e9f2af6e1419cc,-0.011757923512891287,0.5853540146629179,0.00523246810095568,-0.21833151469324613,4.0993069918342915,2.3458592363137586e-16,0.010405636475246718,0.0,66.8856935143367,0.24330661171860504,-0.022911775117664478,1,0,0,0,0,0,1,1,1,0,1,2,4,0,22,4,3,3862,36,11,19,4,0,0,6,48,0,0
188,2c934243c09283d5b34f2a17cae401c9902b63a50ab0516a838e9ec603e4401e,3.4198610593215553,-0.049577090273494905,-0.039611403168646,-0.21833151469324613,1.0464352032538953,2.3458592363137586e-16,0.010405636475246718,0.0,1.0477424932555688,-0.044121070232223274,-0.061321969709905076,1,0,0,0,0,0,1,1,0,0,1,42,0,0,0,4,5,748,0,0,0,4,0,0,17,57,5,5
189,d5051365115bafabbfa2096c9cc5260b81c4ad83bdbc5771ef008aecf9728a4e,3.5859714767071798,-0.049577090273494905,-0.039611403168646,-0.10955987073636936,3.2065829172330996e-14,2.3458592363137586e-16,0.010405636475246718,0.0,1.2053930332210117,-0.043434155514183614,-0.061321969709905076,1,0,0,0,0,0,0,0,1,0,1,19,3,3,25,4,5,2870,14,17,16,1,0,0,4,69,5,5
190,167165728d49b64dcae0e70c306b6820330efac97465f22e300cc7d43a044830,3.5623228238032247,-0.049577090273494905,-0.039611403168646,-0.21833151469324613,0.05215331749705429,0.8816945952102174,1.4786986533284783,-0.2276208744208894,1.5823834548775049,-0.04179153336234964,-0.061321969709905076,1,0,0,0,1,0,0,1,1,0,1,64,1,2,22,4,5,2549,36,11,2,4,0,0,2,43,5,5
191,ad7461c8e6505e2bcdf88bf40a58170bc3586d23219d18d72d8088ca0392f2ce,0.5558097461820783,-0.049577090273494905,-0.04044184522919418,-0.3271031586501229,-0.3141124879221749,2.3458592363137586e-16,0.010405636475246718,0.0,0.8129802761331163,-0.04514397584495625,-0.061321969709905076,1,0,0,0,0,0,0,0,1,0,1,25,3,5,0,4,2,2155,0,0,16,1,0,2,4,69,3,3
192,e8c17a015d0647d7966fe174155a2800a32c5dd3a88631c4a662d2fa1866760e,-0.7642409635050676,-0.049577090273494905,-0.04044184522919418,-0.21833151469324613,-0.01937641059053791,0.17737387637513222,-0.9711982593866345,-0.2276208744208894,0.8643880609044563,-0.04491998191516071,-0.061321969709905076,1,0,0,0,0,0,1,1,1,0,1,60,2,2,20,4,0,6402,79,5,9,4,0,0,8,0,3,3
193,ce3465f8b7b9dae28feb4ee51997b3f1644993eb8defd962a5b7489cfad2cb65,1.2362071333465305,0.033240010370385036,-0.035459192865905105,0.10798341717738418,3.2065829172330996e-14,2.3458592363137586e-16,0.010405636475246718,0.0,0.7735676411417557,-0.04531570452446616,-0.061321969709905076,1,0,0,0,0,0,0,0,0,0,1,33,3,5,0,4,5,2841,0,0,16,1,0,2,12,3,3,3
194,70c3a8c23afde97375e55870f4d0fa45885706be36641fa167bcdae3f9849a8d,1.658463803270198,0.5853540146629179,0.12066391451715261,-0.21833151469324613,1.5641909764364814,-0.17478648304241043,0.7287302106605866,0.0,0.7530045272332196,-0.04540530209638438,-0.061321969709905076,1,0,0,0,0,0,1,1,1,0,1,13,1,5,20,4,5,2876,5,5,2,4,0,0,2,43,3,3
195,a96d6c1bea541beff90476c1618d9491d0cca322c8babec335d99facfe92c5f0,1.2359222098175673,0.019437160263071716,-0.04044184522919418,-0.21833151469324613,3.2065829172330996e-14,2.3458592363137586e-16,0.010405636475246718,0.0,3.522170334002856,-0.03320470719311859,-0.05918807001033615,1,0,0,0,0,0,0,0,0,0,1,33,2,5,0,4,5,2876,0,0,9,4,0,0,10,30,4,4
196,ac6dae3ff6468f5787431b09ed8daccc7621121c5c2c73501cd525ef37584518,2.629768113506218,-0.03577424016618158,-0.02217211989713424,-0.21833151469324613,-0.5151589315525369,0.5295342357926749,1.9953435804996915,-0.2276208744208894,2.0090681350062525,-0.039932383455176926,-0.061321969709905076,1,0,0,0,0,0,0,0,1,0,1,60,2,2,30,4,5,2901,16,15,9,3,0,0,8,0,5,5
197,dcd5eef13c1fe32353d10bc6579b3bffc661041527378f6f68aa0aab3b5920d0,1.2347825157017138,-0.03577424016618158,-0.04044184522919418,-0.21833151469324613,-0.9419522844996404,2.3458592363137586e-16,0.010405636475246718,0.0,1.5206941131518967,-0.042060326078104296,-0.061321969709905076,1,0,0,0,0,0,0,0,0,0,1,33,2,5,0,4,5,2901,0,0,9,4,0,0,3,44,5,5
198,db6b8f30600c324886643fafb0de541837a13a3b0ce6dffba84b447cfe517065,3.5284169238565886,0.04704286047769836,-0.03712007698700147,-0.21833151469324613,3.2065829172330996e-14,2.3458592363137586e-16,0.010405636475246718,0.0,1.1694076504076993,-0.043590950975170774,-0.061321969709905076,1,0,0,0,0,0,0,0,0,0,1,33,3,5,0,4,5,2670,0,0,16,4,0,0,12,51,5,5
199,634cb7f2ee28a473333226e251624dd97c2fe9fb7ae93d9ae867b8546e518d8c,0.12671491156329118,-0.049577090273494905,-0.03795051904754965,-0.21833151469324613,3.2065829172330996e-14,2.3458592363137586e-16,0.010405636475246718,0.0,1.6749174674659169,-0.04138834428871767,-0.061321969709905076,1,0,0,0,0,0,1,1,0,0,1,42,0,0,0,4,1,3436,0,0,0,4,0,0,17,57,5,5
200,250fa3f926fff06fbb37876a2ebf4a0e90fa02343bcfdb8b17b19d6b20a41aa2,1.2362071333465305,0.06084571058501169,-0.031306982563164214,-0.21833151469324613,3.2065829172330996e-14,2.3458592363137586e-16,0.010405636475246718,0.0,1.8205729241780058,-0.03637795366227959,-0.05705417031076723,1,0,0,0,0,0,0,0,0,0,1,33,3,5,0,4,5,2901,0,0,16,1,0,2,9,38,5,5
201,764fc9ec27b98bb89b270e37b45af196760f28f9b98db55654ce2bdd63978d00,3.4540518827971556,-0.049577090273494905,-0.03296786668426057,-0.21833151469324613,0.07018610919672427,2.3458592363137586e-16,0.010405636475246718,0.0,13.195402500409585,0.008808697407551235,-0.061321969709905076,1,0,0,0,0,0,0,0,0,0,1,47,0,0,0,4,5,748,0,0,0,4,0,0,17,57,6,6
202,143f46563f22a35a2405cb9bc4f5f66e1c4ee61751da176a146174c5e49b79b6,-0.7269159812108703,-0.049577090273494905,-0.04044184522919418,-0.21833151469324613,4.308700989989228,0.5295342357926749,1.8286839265734944,0.0,4.613729230087478,-0.028583357678869492,-0.061321969709905076,1,0,0,0,0,0,1,1,0,0,1,9,5,2,32,4,0,6271,86,20,20,1,0,0,19,73,4,4
203,607d0086dcdcddbc982ef0d4ed5ec00854590a4d25b1eecf6458ea7ae6473c84,3.8412629586583305,0.11605711101426498,-0.035459192865905105,0.10798341717738418,-0.7267927704246259,2.3458592363137586e-16,0.010405636475246718,0.0,10.775808831765552,-0.0015382878685586368,-0.05492027061119831,1,0,0,0,0,0,0,0,1,0,1,33,2,5,0,4,5,2684,0,0,9,1,0,0,8,0,6,6
204,afb37dbd90026b061997873d0f50a693289c928c73bf7e87e6c2435a30fef266,1.1763731922642293,-0.03577424016618158,-0.03712007698700147,-0.21833151469324613,-0.36421855433551875,2.3458592363137586e-16,0.010405636475246718,0.0,2.9104178948037878,-0.036005023509298156,-0.061321969709905076,1,0,0,0,0,0,0,0,1,0,1,25,1,5,24,4,5,748,11,18,2,4,0,0,2,43,5,5
205,6a583074ba12de906a0765951ef3d8f25a40fd2740e0c32f1f5231d4e61fb038,0.16688912914712212,-0.049577090273494905,-0.03462875080535693,-0.21833151469324613,-0.3141124879221749,2.3458592363137586e-16,0.010405636475246718,0.0,2.130733159105131,-0.03940226477786387,-0.061321969709905076,1,0,0,0,0,0,0,1,1,0,1,42,3,0,0,4,1,3314,0,0,16,4,0,0,4,69,5,5
206,eb71e1c54a35200373f2c5f5817e4c3fe57bcc83fdea21ec50e495d01a4a02a6,-0.10749222924457273,-0.049577090273494905,-0.04044184522919418,-0.21833151469324613,3.2065829172330996e-14,0.17737387637513222,0.7287302106605866,0.0,1.7623107015771948,-0.04100755460806525,-0.061321969709905076,1,0,0,0,0,0,1,0,1,0,1,60,1,2,21,4,3,4134,3,3,2,1,0,0,2,43,5,5
207,fdd75bebc7989d42d8f2e4441101a4eb289649fda9609d0dbcba3b1df05b8eaf,1.7881040089485167,-0.049577090273494905,-0.039611403168646,-0.21833151469324613,-0.8926861583552289,2.3458592363137586e-16,0.010405636475246718,0.0,3.774068745488925,-0.03193611264103755,-0.05918807001033615,1,0,0,0,0,0,0,0,0,0,1,33,2,5,0,4,5,2829,0,0,9,1,0,2,10,29,4,4
208,322a226f6f7b65af308b081a34d823305215544dbcd3d5b73febf91ff3e1665f,2.678205113429985,-0.049577090273494905,-0.04044184522919418,-0.21833151469324613,-0.3849474506021318,2.3458592363137586e-16,0.010405636475246718,0.0,1.7760193776562596,-0.04094782318332283,-0.061321969709905076,1,0,0,0,0,0,0,1,0,0,1,33,1,5,0,4,5,2901,0,0,2,4,0,0,2,23,5,5
209,fea23f072675ec89f9b6ffd040777f5ff562c9d76239180a2e1786f917f3a52f,3.5261375356248816,0.06084571058501169,-0.03379830874480875,-0.21833151469324613,-0.30666709146423193,2.3458592363137586e-16,0.010405636475246718,0.0,3.6918162233281553,-0.03260031577640592,-0.061321969709905076,1,0,0,0,0,0,0,0,0,0,1,33,3,5,0,4,5,2901,0,0,16,4,0,0,4,46,4,4
210,61a8fc78737153cf4e259a7bdc47407838a7e1c594254a17bf70ad17e97a7016,1.4473354683083637,-0.049577090273494905,-0.04044184522919418,-0.21833151469324613,-0.2586764301726436,2.3458592363137586e-16,0.010405636475246718,0.0,0.929504588281487,-0.04463625627075302,-0.061321969709905076,1,0,0,0,0,0,0,0,1,0,1,1,1,0,27,4,5,748,77,8,2,4,0,0,2,43,3,3
211,7439f14e03954c2a82546b23ffed0777fb72c1c1ce91b3d6dc5ae78a738808fc,1.7208620561131687,0.04704286047769836,-0.03379830874480875,-0.21833151469324613,-0.39444603438413156,2.3458592363137586e-16,0.010405636475246718,0.0,1.3013542314608462,-0.0430160335118986,-0.061321969709905076,1,0,0,0,0,0,1,0,0,0,1,33,5,5,0,4,5,2618,0,0,20,4,0,0,19,73,5,5
212,a290c91e52b3b465eb3077477104483e75adb83c030cb27c1d03c1b841cb574a,4.036150652469256,-0.049577090273494905,-0.03712007698700147,-0.21833151469324613,-0.6121461085318426,2.3458592363137586e-16,0.010405636475246718,0.0,5.635030354631555,-0.024072473168031804,-0.05705417031076723,1,0,0,0,0,0,0,0,0,0,1,33,2,5,0,4,5,2901,0,0,9,4,0,0,10,52,4,4
213,d330eb4a6fd113eb6f0a2e05de3e53b3234eeaf7fac334671665d6b6358c3270,4.038714964229926,-0.03577424016618158,-0.04044184522919418,-0.21833151469324613,-0.6340675125876805,2.3458592363137586e-16,0.010405636475246718,0.0,3.849466696766972,-0.0317786119270142,-0.05918807001033615,1,0,0,0,0,0,0,0,0,0,1,33,2,5,0,4,5,2759,0,0,9,4,0,0,3,44,4,4
214,04d34dcdee40a44560907165ab68f8e0ec771c0b94321f688d7a202d73f52673,-0.1701754056165074,-0.03577424016618158,-0.039611403168646,2.500959584228673,-0.8992605056453904,0.17737387637513222,-1.4211793249873694,-0.2276208744208894,0.9569220734928683,-0.04448635652060769,-0.05918807001033615,1,0,0,0,0,0,1,1,1,1,1,60,3,2,23,4,3,4342,27,2,16,4,0,0,4,69,3,3
215,615c01f8ad351e9b66b802a69c281eaf25bce3ac7cc677a912af292593cd1244,3.5284169238565886,0.06084571058501169,-0.039611403168646,0.10798341717738418,-0.30281995763986297,2.3458592363137586e-16,0.010405636475246718,0.0,8.683511858518765,-0.010607015785369345,-0.044250772113353695,1,0,0,0,0,0,0,0,1,0,1,33,3,5,0,4,5,2677,0,0,16,4,0,0,4,69,4,4
216,934749ca993d53b52f089d5a71da3146f1dee8b2d856da67ed89050bf93e9b72,3.134367683300291,0.0056343101557583914,-0.031306982563164214,-0.21833151469324613,2.0652827494687687,2.3458592363137586e-16,0.010405636475246718,0.0,19.775598618507978,0.03747991897203193,-0.061321969709905076,1,0,0,0,0,0,0,0,1,0,1,47,1,0,0,4,5,862,0,0,2,4,0,0,2,43,9,9
217,9a46225573787d8d61a6f238e8b00274321a2bcd5ab53ca5acc3fecfc7f086ac,3.5238581473931743,0.019437160263071716,-0.03712007698700147,-0.21833151469324613,-0.9564594009963846,2.3458592363137586e-16,0.010405636475246718,0.0,1.650927167905958,-0.04143200214744682,-0.05705417031076723,1,0,0,0,0,0,0,1,0,0,1,33,4,5,0,4,5,2901,0,0,19,1,0,0,1,64,5,5
218,053378f27e2cd53b65e4658334d00afa05c014431360b219c2b66e8e0b7f3c05,-0.36705756413017404,-0.049577090273494905,-0.027154772260423315,-0.21833151469324613,1.4033164908535727,-0.17478648304241043,-0.5712150899637589,0.0,2.2369760473524853,-0.03204722695262861,-0.05705417031076723,1,0,0,0,0,0,1,1,1,0,1,13,1,5,20,4,3,5028,19,5,2,4,0,0,2,43,5,4
219,4c81ad545ffb850a01387f3c2494f79bf1be8ad83ad320e87b83a1ea834d4249,1.209994168681903,-0.049577090273494905,-0.028815656381519672,-0.21833151469324613,0.6651230604245333,0.5295342357926749,0.4787407297712894,0.0,4.833069178305155,-0.02762764995520546,-0.061321969709905076,1,0,0,0,0,0,0,1,1,0,1,60,1,2,20,4,5,2887,82,5,2,3,0,0,2,43,4,4
220,bbcb2f1c515e4556a7c358045cd1b5da419d39ec574eeff29a3bc4c86c05a198,2.235718872949921,0.06084571058501169,-0.03213742462371239,-0.4358748026069997,0.3818039489706055,0.8816945952102174,1.0787154839056028,0.0,3.700384187456712,-0.020051388774987647,-0.03998297271421585,1,0,0,0,0,0,0,0,1,0,1,60,2,2,20,4,5,2901,82,5,9,4,0,0,8,0,4,4
221,4fd263c584fbfc7ba7c712fa0931a8d7c56c126295f832021d7ac52a8e886e3c,1.0604093159761507,-0.049577090273494905,-0.04044184522919418,-0.21833151469324613,-0.48772088276741543,2.3458592363137586e-16,0.010405636475246718,0.0,0.7924171622245803,-0.045233573416874465,-0.061321969709905076,1,0,0,0,0,0,0,0,0,0,1,44,3,0,0,4,5,767,0,0,16,1,0,2,12,3,3,3
222,8b1ad0ad41a55d356cf2ef7ffe3b7ae4d7949ff2ee4a3d20112e12518dc21bc2,2.676495572256206,-0.049577090273494905,-0.04044184522919418,-0.21833151469324613,3.2065829172330996e-14,2.3458592363137586e-16,0.010405636475246718,0.0,2.185568129527894,-0.03916333791941529,-0.061321969709905076,1,0,0,0,0,0,0,0,0,0,1,33,1,5,0,4,5,2810,0,0,2,1,0,0,13,6,5,5
223,26229ead555d072b50b545e9948da94d1690fc91b8e47adbff331b966d13a139,0.09879240572488447,0.0056343101557583914,-0.03795051904754965,-0.21833151469324613,0.4936093314351486,0.17737387637513222,2.1786691998185104,0.0,0.9894803371813836,-0.04437493001932489,-0.061321969709905076,1,0,0,0,0,0,1,1,0,1,1,60,0,2,20,4,1,3530,82,5,0,4,0,0,18,67,5,5
224,961fd2ff794d4a1a6911f0b077cf864508c6bf534a9ef176e703bf40e4f6aaa4,0.9347580397033185,-0.049577090273494905,-0.031306982563164214,-0.21833151469324613,4.056843344904937,2.3458592363137586e-16,0.010405636475246718,0.0,0.7924171622245803,-0.045233573416874465,-0.061321969709905076,1,0,0,0,0,0,1,1,1,0,1,1,1,0,0,4,2,1064,0,0,2,4,0,0,2,43,3,3
225,8a4676d3886415c473d11859f405a65dfe0e217f2cefbffc63a1eefceb8eea53,1.806339114802171,-0.049577090273494905,-0.038780961108097825,-0.21833151469324613,0.39914197526264006,0.17737387637513222,0.07875756034841383,0.0,0.9603492591442909,-0.044501859912875696,-0.05918807001033615,1,0,0,0,0,0,0,1,0,0,1,60,5,2,22,4,5,2532,36,11,20,1,0,0,19,73,3,3
226,0a1cfe7bc18c9806c4fcc764efbf5c0276a4ac34351a244baa938ff5cb747827,3.908219987964716,0.033240010370385036,-0.018850351654941522,-0.21833151469324613,-0.4954981074797515,-0.17478648304241043,2.22866709599637,0.0,1.006616265438497,-0.022977032295019233,0.30570877861594953,1,0,0,0,0,0,1,1,1,0,1,0,4,3,25,4,5,2901,14,17,19,4,0,0,6,48,5,4
227,43b785b448f23187ab1f7ec31bb768ba8ec7173967d8e3102e5b1b36867d3393,3.8438272704190015,-0.008168539951554933,-0.038780961108097825,0.10798341717738418,-0.724646256404021,2.3458592363137586e-16,0.010405636475246718,0.0,1.2379513634361528,-0.043261856081189,-0.05918807001033615,1,0,0,0,0,0,0,0,0,0,1,33,2,5,0,4,5,2901,0,0,9,1,0,0,3,55,5,5
228,75c5736fc78a378ceebcbd125927004f8b442f62425dfc4f116cb22b47ebdbab,1.174378727561486,-0.008168539951554933,-0.04044184522919418,-0.21833151469324613,0.4749336224925923,0.5295342357926749,1.1287133800834621,0.0,1.3613299803607428,-0.03257044991909985,0.009096720375869352,1,0,0,0,0,0,1,1,0,0,1,12,5,2,26,4,5,2901,18,6,20,4,0,0,19,73,5,4
229,256785a3da5ca97b69d2de4d8dfa95154002920df4e99afcb2dcac0055d2d08a,1.1823565863724599,-0.049577090273494905,-0.038780961108097825,-0.21833151469324613,0.5212132943474669,0.17737387637513222,1.3287049647948999,-0.2276208744208894,0.7050239281133024,-0.045523054134763735,-0.03571517331507801,1,0,0,0,0,0,0,1,0,0,1,60,5,2,24,4,5,2670,11,18,20,4,0,0,19,73,3,3
230,be75954872c8bb4d3b30d8a99f386a212ec4472b69927748bca0acbe128aefae,2.9973194658689244,2.9180356827988696,-0.03628963492645328,-0.21833151469324613,1.5469462768409947,0.5295342357926749,2.128671303640651,0.0,3.1691704114861987,-0.034877587395993934,-0.05705417031076723,1,0,0,0,0,0,0,0,1,0,1,60,4,2,32,4,5,2901,86,20,19,1,0,0,6,48,5,5
231,03db1b36296ff895e6494a04d94795b247a78301dec8c0559bed9924436cc058,2.5742080253583666,-0.049577090273494905,-0.031306982563164214,-0.21833151469324613,3.2065829172330996e-14,0.8816945952102174,2.3953267499225688,-0.2276208744208894,0.785562790921735,-0.045263439274180535,-0.061321969709905076,1,0,0,0,0,0,0,0,1,0,1,60,4,2,30,4,5,2901,16,15,19,1,0,0,6,48,3,3
232,22225afe6bb718a447747d7ae1cd29c8e1e8071f358ac0d3fc554cbbba0a8453,2.8896183719207826,-0.03577424016618158,-0.03462875080535693,-0.21833151469324613,1.134784475986033,2.3458592363137586e-16,0.010405636475246718,0.0,2.2438302856020793,-0.03890947813231368,-0.044250772113353695,1,0,0,0,0,0,1,1,0,0,1,52,5,3,27,4,5,2901,17,8,20,4,0,0,19,73,5,5
233,81cca75e9a1f5677aa6743e46d1ee0ceaab045977ecc9c3320343ce47755301c,-0.7747831340767111,-0.049577090273494905,-0.04044184522919418,0.21675506113426093,3.6176375413169453,-0.17478648304241043,-0.3712235052523212,-0.2276208744208894,0.800985126353137,-0.045196241095241875,-0.061321969709905076,1,0,0,0,0,0,1,1,1,1,1,13,4,5,20,4,0,6438,82,5,19,4,0,0,6,48,3,3
234,2b7a1cc03584a04f4b62230997fe6ebc57e7ea8f5c965a2c4be19f681a15c117,3.0944783892454226,0.07464856069232502,-0.038780961108097825,-0.21833151469324613,-0.751970239226695,2.3458592363137586e-16,0.010405636475246718,0.0,8.652667453762463,-0.010954465230215125,-0.05918807001033615,1,0,0,0,0,0,0,0,0,0,1,33,2,5,0,4,5,2901,0,0,9,1,0,0,8,32,4,4
235,40911402ea6fabe23ca67a770dbb23dbeaa5f8541a053424573031343c1376b1,4.261810087408219,-0.049577090273494905,-0.039611403168646,-0.21833151469324613,-0.45943252408041163,-0.17478648304241043,-0.6712108823194778,0.0,1.201965847569589,-0.04344908844283665,-0.061321969709905076,1,0,0,0,0,0,0,0,0,0,1,0,4,3,22,4,5,2901,36,11,19,4,0,0,11,47,5,5
236,b604d90e926ace74d8e34300a864c85bdd25da46c7935b5b98804d5f3e155a37,1.692369703216834,-0.049577090273494905,-0.03712007698700147,-0.21833151469324613,3.2065829172330996e-14,-0.17478648304241043,1.9286797189292133,0.0,1.3082086027636917,-0.04298616765459253,-0.061321969709905076,1,0,0,0,0,0,1,1,0,0,1,13,5,5,20,4,5,2901,82,5,20,4,0,0,19,73,5,5
237,b8c31a73612829608c41fc90a281b27943a3be89710292760ff35cdc36598c82,1.114829710008148,-0.03577424016618158,-0.035459192865905105,0.10798341717738418,2.241296899158358,0.17737387637513222,1.8286839265734944,-0.2276208744208894,1.671490281814494,-0.04137284089644966,-0.05918807001033615,1,0,0,0,0,0,1,1,1,0,1,60,4,2,24,4,5,2901,12,18,19,4,0,0,6,48,5,5
238,3eb902d29165c527ac99d6ce82368ce36be0d08bafb1c79e23ab82bfc7a1b65c,-0.9303513808906939,-0.049577090273494905,-0.04044184522919418,-1.741134530089521,2.4381954896088076,-0.17478648304241043,1.228709172439181,0.0,0.6741792572504983,-0.045748759455404214,-0.061321969709905076,1,0,0,0,0,0,1,1,1,1,1,13,1,5,24,4,0,6979,11,18,2,4,1,0,2,43,3,3
239,8dc99e4edb4b968e7381d5d37b8af55c27eec858923817a1556392ce1bf05a2e,3.52528276503799,0.08845141079963834,-0.038780961108097825,-0.21833151469324613,-0.97755123441624,2.3458592363137586e-16,0.010405636475246718,0.0,2.1118837045489323,-0.03934960617436405,-0.05918807001033615,1,0,0,0,0,0,0,0,1,0,1,33,4,5,0,4,5,2572,0,0,19,1,0,0,19,73,5,5
240,59c5648b89161593f4d98cbc9df5371382d986e885a9c77d81404c2a47a92494,3.521863682690429,0.1298599611215783,-0.031306982563164214,-0.21833151469324613,-0.2764292417826692,2.3458592363137586e-16,0.010405636475246718,0.0,2.968680117404599,-0.03575116343232682,-0.061321969709905076,1,0,0,0,0,0,0,0,0,0,1,33,4,5,0,4,5,2764,0,0,19,1,0,0,6,39,5,5
241,ded6b453ca579763e3ae1097a942bdaf88ee9aadd6f91e987a16a451c7fb3a07,3.5272772297407333,0.1298599611215783,-0.03462875080535693,-0.21833151469324613,-0.522790981403576,2.3458592363137586e-16,0.010405636475246718,0.0,2.653378837893836,-0.03712499373801531,-0.061321969709905076,1,0,0,0,0,0,0,0,0,0,1,33,4,5,0,4,5,2853,0,0,19,3,0,0,1,65,5,5
242,44fbf9fa03e9419263bb9e6c595539bf4803401844260eb2d736695529c0339d,1.2399111392230535,0.0056343101557583914,-0.03462875080535693,-0.21833151469324613,-0.8210838428369882,2.3458592363137586e-16,0.010405636475246718,0.0,0.975771594575693,-0.044312916450252836,-0.05278637091162939,1,0,0,0,0,0,1,1,0,0,1,33,2,5,0,4,5,2901,0,0,9,4,0,0,10,30,5,5
243,2f88a5f2fc04a12905c1d5f96f37f4e3b7689092a7d7b3af124790a72f72e85b,1.6573241091543451,-0.03577424016618158,-0.04044184522919418,2.500959584228673,-0.8715321071376748,2.3458592363137586e-16,0.010405636475246718,0.0,1.21053374517152,-0.04341175641107378,-0.061321969709905076,1,0,0,0,0,0,0,0,0,0,1,33,3,5,0,4,5,2901,0,0,16,1,0,2,14,27,5,5
244,2fbfa1bd5eea6c6da3db3127e2a6dbd98c5ec90b76c877fb7ced5cd87a3a0e25,1.0681022512581608,0.5577483144482913,-0.027985214320971494,0.10798341717738418,0.6971859655052572,0.17737387637513222,1.0787154839056028,-0.2276208744208894,1.938810762625462,-0.037781471845264196,-0.05705417031076723,1,0,0,0,0,0,1,1,1,0,1,60,1,2,23,4,5,2847,27,2,2,4,0,0,2,43,5,5
245,980ad70b2ba1aed92c6106505f630fc7477e587e9ebac378d073bbb92d305e94,3.5284169238565886,0.14366281122889163,-0.0196807937154897,-0.21833151469324613,0.0012487893465774227,2.3458592363137586e-16,0.010405636475246718,0.0,6.726589250716177,-0.019377206874403016,-0.061321969709905076,1,0,0,0,0,0,0,0,0,0,1,33,4,5,0,4,5,2378,0,0,19,4,0,0,0,14,4,4
246,f2b37c765940590453aa5a196a99c898e5fc6eef19c8e3be1a64c4e8ff204eee,1.2362071333465305,-0.008168539951554933,-0.039611403168646,-0.21833151469324613,-0.8779716491994891,2.3458592363137586e-16,0.010405636475246718,0.0,1.748601958971504,-0.04106728632267739,-0.061321969709905076,1,0,0,0,0,0,0,0,0,0,1,33,2,5,0,4,5,2901,0,0,9,4,0,0,10,52,5,5
247,91d7920756938689fa71f6c709be53c4bdf8bb9e3bf04fbd0fb424910f6b5a36,2.0622004438112485,0.019437160263071716,0.0010802577982147832,-0.21833151469324613,3.2065829172330996e-14,2.3458592363137586e-16,0.010405636475246718,0.0,21.12762255967471,0.04337095584721799,-0.061321969709905076,1,0,0,0,0,0,1,0,1,0,1,46,2,0,0,4,5,748,0,0,9,3,0,2,8,0,9,9
248,80f32ad2298718d2214f5d10b3aff79cd4f12f58aefe314cf34cc5073e8c5eb4,-0.011757923512891287,0.1712685114435183,-0.013037257231104266,-0.21833151469324613,2.4694806722182983,2.3458592363137586e-16,0.010405636475246718,0.0,22.042681660817568,0.047631974106128634,-0.04211687241378478,1,0,0,0,0,0,1,1,0,0,1,2,5,0,22,4,3,3862,36,11,20,4,0,0,19,73,9,9
249,3435356ec9461fcff090a27daa5d8c2328be596b4b9b22d4bc6e09a9fa4930a2,3.6557777413031998,-0.008168539951554933,-0.03712007698700147,-0.21833151469324613,1.2476371913785043,1.23385495462776,2.128671303640651,0.0,1.0049026726127857,-0.043727992684140723,0.02830181767198965,1,0,1,0,0,0,0,0,1,0,1,55,4,2,1,4,5,2901,22,7,19,3,0,0,6,48,5,5
250,e8e24acdb7a92ab41abe76b1f30152e7354862077b710ec27725342afdbb3daf,1.2359222098175673,0.0056343101557583914,-0.029646098442067854,-0.21833151469324613,3.2065829172330996e-14,2.3458592363137586e-16,0.010405636475246718,0.0,1.243092075386661,-0.04326989329900022,-0.061321969709905076,1,0,0,0,0,0,1,1,0,0,1,33,4,5,0,4,5,2881,0,0,19,4,0,0,1,65,5,5
251,2d612892c9dbfbaa6900992bc7ef187159dd97afe55d9b9777ff532cb33a485c,1.472693662386101,-0.049577090273494905,-0.039611403168646,-0.21833151469324613,0.9121173476553769,0.17737387637513222,1.228709172439181,-0.2276208744208894,1.3990289559997664,-0.042590445335156796,-0.061321969709905076,1,0,0,0,0,0,0,0,0,0,1,60,5,2,20,4,5,2870,19,5,20,5,0,2,19,73,5,5
252,e986f201a47250984bdd5e9b9c7e6ff14d4d987930b37c00e64457abd985db5e,1.009408004291713,-0.049577090273494905,-0.03379830874480875,-0.21833151469324613,-0.17815623031759079,2.3458592363137586e-16,0.010405636475246718,0.0,2.883000476119032,-0.03612448664865272,-0.061321969709905076,1,0,0,0,0,0,0,1,0,0,1,42,0,0,0,4,2,869,0,0,0,4,0,0,17,57,5,5
253,0eb677696464ab30e7c9fcc447d1eeb92dab5058d626c16c4aead14bbbdfbb81,1.8721564499927017,2.1450760767893233,-0.024663446078778777,-0.21833151469324613,-0.5533813986054312,0.5295342357926749,0.9287217953720244,-0.2276208744208894,0.821548240261673,-0.04356385366358962,-0.03358127361550909,1,0,0,0,0,0,0,0,1,0,1,60,2,2,32,4,5,2001,86,20,9,4,0,0,8,0,3,5
254,fe796f2c60812f6fe96affa216079cf548daa25c3b72ea746d8ad2c25c131d1b,3.493371329794096,-0.021971390058868254,-0.03379830874480875,-0.21833151469324613,-0.726740922259877,2.3458592363137586e-16,0.010405636475246718,0.0,1.4452960288205983,-0.04238885050847109,-0.061321969709905076,1,0,1,0,0,0,0,1,1,0,1,33,4,5,0,4,5,2901,0,0,19,4,0,0,0,14,5,5
255,1ec76d8ef1d7c6bb73ef86a43d713725b1b610240bdf4a729cdd9ba076ad47a8,1.0290677277901834,-0.049577090273494905,0.04343280288617193,-0.3271031586501229,2.189728714499095,2.3458592363137586e-16,0.010405636475246718,0.0,5.6161810331286075,-0.024215476047856434,-0.061321969709905076,1,0,0,0,0,0,1,1,1,0,1,42,2,0,0,4,2,2901,0,0,9,4,0,0,8,0,4,4
256,a3d4217a7c01f6cabd26d86cb283923c682a18d516f015e6f8b4796da8fef659,1.0205200219212833,-0.021971390058868254,-0.03712007698700147,-0.21833151469324613,1.0787884580572136,0.17737387637513222,-0.12123402436302394,-0.2276208744208894,0.795844347876003,-0.044643249087952065,-0.05492027061119831,1,0,0,0,0,0,1,1,1,0,1,60,3,2,24,4,2,2901,11,18,16,4,0,0,4,69,3,3
257,feb9c97a3f694c22a919d9544c433da92d34d5717b43d54d88f543aa462958ae,0.7093835282933177,-0.049577090273494905,-0.03712007698700147,-0.21833151469324613,1.7768617786035485,-0.17478648304241043,0.010405636475246718,0.0,1.0151842295670535,-0.04426293305442712,-0.061321969709905076,1,0,0,0,0,0,0,0,1,0,1,13,2,5,27,4,2,2887,77,8,9,4,0,0,8,0,5,5
258,efd51c8f53a5931f1778398c485a861169c99a40072d8f8c8005b90c2ccb7ee6,0.82135847517591,-0.049577090273494905,-0.04044184522919418,-0.21833151469324613,0.05288956143648881,2.3458592363137586e-16,0.010405636475246718,0.0,1.9628010621854206,-0.04013397828186264,-0.061321969709905076,1,0,0,0,0,0,0,0,1,0,1,44,3,0,0,4,2,1359,0,0,16,1,0,2,4,69,5,5
259,120ecac76e64ace3880969e7a6c7a20ff116b94a411fd0b53216978136a7d85b,3.493371329794096,-0.03577424016618158,-0.04044184522919418,-0.21833151469324613,-0.9703650787820415,2.3458592363137586e-16,0.010405636475246718,0.0,2.0793253743337914,-0.03962625870765941,-0.05918807001033615,1,0,0,0,0,0,0,0,0,0,1,33,4,5,0,4,5,2715,0,0,19,1,0,0,6,36,5,5
260,b6966d868fb7976f993aca02fb667c9ae8f5ebf4d2e033182d67d119a6a3db13,0.939316816166731,-0.049577090273494905,-0.04044184522919418,-0.21833151469324613,0.059826845879892634,0.17737387637513222,0.9287217953720244,0.0,0.7684268626646217,-0.04533810391744572,-0.061321969709905076,1,0,0,0,0,0,1,1,0,0,1,12,5,2,26,4,2,2901,18,6,20,4,0,0,19,73,3,3
261,4a87a82771996c18afc68a17d139bd318d08fa3e5dcf9f8aea4ed92b8c76b5d1,1.3045887802977316,-0.049577090273494905,-0.03462875080535693,-0.000788226779492595,1.2195354860845966,0.8816945952102174,-0.6712108823194778,-0.2276208744208894,0.975771594575693,-0.043998620275242324,-0.05492027061119831,1,0,0,0,0,0,0,0,1,0,1,60,3,2,24,4,5,1936,11,18,16,4,0,0,4,69,5,5
262,f3b468c4066fac0d2de28bdafa87ec8b9d103a085cf7de5891b7bafbd7fe7cfc,0.29083086424617405,-0.049577090273494905,-0.04044184522919418,-0.21833151469324613,3.2065829172330996e-14,0.17737387637513222,-0.17123192054088338,0.0,1.335626087975073,-0.04286670422536824,-0.061321969709905076,1,0,0,0,0,0,1,1,1,0,1,60,1,2,27,4,1,2978,77,8,2,4,0,0,2,43,5,5
263,98448fefe3e358578fa643b63fcdcf4a3f2dcb496863f8eb7cc85a0f4036e511,1.7111746561284154,-0.03577424016618158,-0.038780961108097825,-0.21833151469324613,1.0094156136231758,0.8816945952102174,1.678690238039916,-0.2276208744208894,0.9723444089242702,-0.03989057177671393,-0.050652471212060464,1,0,0,0,0,0,1,1,0,0,1,12,0,2,19,4,5,2268,75,6,0,1,0,0,17,57,5,5
264,251f454db948590c50df496ea83f76e2227e24a32c2814dd00b363fd77754e29,0.08796531162427723,-0.049577090273494905,-0.04044184522919418,-0.21833151469324613,4.85037950638696,1.23385495462776,0.9787196915498838,0.0,15.272276606011967,0.032437852541737006,-0.048518571512491546,1,0,1,0,0,0,1,1,1,0,1,54,2,2,12,4,1,3565,15,15,9,4,0,0,8,0,6,9
